FG,H,PP,RA,SLP,SN,T,TM,TS,Tm,V,VG,VM,VV,altitud,continente,dia,estacion,idEstacion,latitud,longitud,mes,pais,year
-,82,0,-,-,-,6.4,8,-,3,33,87,50,6.8,57,Europa,1, Wunstorf,,52.45,9.43,Enero,Alemania,2019
-,66,0,-,-,-,2.9,5,-,-1,20.6,48.2,29.4,9.3,57,Europa,2, Wunstorf,,52.45,9.43,Enero,Alemania,2019
-,79,-,o,-,-,5.3,8,-,4,14.3,-,25.9,8.5,8,Europa,1, Wittmundhaven,,53.55,7.66,Marzo,Alemania,2019
-,84,-,-,-,o,-0.1,3,-,-2,14.3,-,22.2,8,57,Europa,1, Wunstorf,,52.45,9.43,Febrero,Alemania,2019
-,83,-,o,-,-,6.8,9,-,5,14.4,-,22.2,7.4,57,Europa,1, Wunstorf,,52.45,9.43,Marzo,Alemania,2019
-,76,-,o,-,-,7.1,9,-,3,34.8,88.9,48.2,9,8,Europa,1, Wittmundhaven,,53.55,7.66,Enero,Alemania,2019
-,88,-,-,-,o,-0.7,0,-,-2,17.6,-,25.9,6.8,8,Europa,1, Wittmundhaven,,53.55,7.66,Febrero,Alemania,2019
-,87,0,-,-,-,0.7,4,-,-2,10.4,-,13,10,57,Europa,3, Wunstorf,,52.45,9.43,Enero,Alemania,2019
-,94,-,o,-,-,3.1,6,-,0,22.6,-,31.7,6.4,57,Europa,4, Wunstorf,,52.45,9.43,Enero,Alemania,2019
-,79,-,o,-,-,6.3,9,-,3,14.1,48.2,29.4,10,8,Europa,2, Wittmundhaven,,53.55,7.66,Marzo,Alemania,2019
-,89,-,o,-,-,9.8,11,-,9,23.7,64.8,35.2,7.2,8,Europa,3, Wittmundhaven,,53.55,7.66,Marzo,Alemania,2019
-,92,-,o,-,o,0.1,1,-,-1,8.9,-,16.5,4.2,57,Europa,2, Wunstorf,,52.45,9.43,Febrero,Alemania,2019
-,88,0,-,-,-,1.2,4,-,-1,14.3,-,20.6,6.3,57,Europa,3, Wunstorf,,52.45,9.43,Febrero,Alemania,2019
-,73,-,o,-,-,6.3,9,-,4,13.7,-,20.6,9.8,57,Europa,2, Wunstorf,,52.45,9.43,Marzo,Alemania,2019
-,78,-,o,-,-,10.7,12,-,9,32.4,55.4,38.9,9.5,57,Europa,3, Wunstorf,,52.45,9.43,Marzo,Alemania,2019
-,62,0,-,-,-,4.4,7,-,0,18.7,64.8,38.9,10,8,Europa,2, Wittmundhaven,,53.55,7.66,Enero,Alemania,2019
-,88,-,o,-,-,2.7,6,-,-1,7,-,16.5,10,8,Europa,3, Wittmundhaven,,53.55,7.66,Enero,Alemania,2019
-,91,0,-,-,-,0.9,2,-,0,9.8,-,14.8,4.2,8,Europa,2, Wittmundhaven,,53.55,7.66,Febrero,Alemania,2019
-,83,0,-,-,-,2.2,6,-,-1,11.9,-,16.5,8.9,8,Europa,3, Wittmundhaven,,53.55,7.66,Febrero,Alemania,2019
-,93,-,o,-,-,7.4,8,-,6,23,-,31.7,6.8,57,Europa,5, Wunstorf,,52.45,9.43,Enero,Alemania,2019
-,95,-,o,-,-,6.6,7,-,6,12.6,-,16.5,6.6,57,Europa,6, Wunstorf,,52.45,9.43,Enero,Alemania,2019
-,-,-,o,-,-,-,-,-,-,-,-,-,-,8,Europa,4, Wittmundhaven,,53.55,7.66,Marzo,Alemania,2019
-,-,-,o,-,-,-,-,-,-,-,-,-,-,8,Europa,5, Wittmundhaven,,53.55,7.66,Marzo,Alemania,2019
-,-,-,o,-,-,-,-,-,-,-,-,-,-,57,Europa,4, Wunstorf,,52.45,9.43,Febrero,Alemania,2019
-,-,-,o,-,-,-,-,o,-,-,-,-,-,57,Europa,4, Wunstorf,,52.45,9.43,Marzo,Alemania,2019
-,-,-,o,-,o,-,-,-,-,-,-,-,-,57,Europa,5, Wunstorf,,52.45,9.43,Marzo,Alemania,2019
-,89,-,o,-,-,5.7,7,-,3,20.6,-,25.9,6.9,8,Europa,4, Wittmundhaven,,53.55,7.66,Enero,Alemania,2019
-,94,-,o,-,-,7.9,8,-,7,27.6,57.6,35.2,4.7,8,Europa,5, Wittmundhaven,,53.55,7.66,Enero,Alemania,2019
-,-,-,o,-,-,-,-,-,-,-,-,-,-,8,Europa,4, Wittmundhaven,,53.55,7.66,Febrero,Alemania,2019
o,-,-,-,-,-,-,-,-,-,-,-,-,-,8,Europa,5, Wittmundhaven,,53.55,7.66,Febrero,Alemania,2019
-,92,-,o,-,-,6,8,-,5,22.2,51.9,33.5,6.4,57,Europa,7, Wunstorf,,52.45,9.43,Enero,Alemania,2019
-,-,-,o,-,-,-,-,-,-,-,-,-,-,8,Europa,6, Wittmundhaven,,53.55,7.66,Marzo,Alemania,2019
-,-,-,o,-,-,-,-,-,-,-,-,-,-,57,Europa,5, Wunstorf,,52.45,9.43,Febrero,Alemania,2019
-,-,-,-,-,-,-,-,-,-,-,-,-,-,57,Europa,6, Wunstorf,,52.45,9.43,Febrero,Alemania,2019
-,-,-,o,-,-,-,-,-,-,-,-,-,-,57,Europa,6, Wunstorf,,52.45,9.43,Marzo,Alemania,2019
-,96,-,o,-,-,6.9,8,-,6,15.4,-,20.6,6.3,8,Europa,6, Wittmundhaven,,53.55,7.66,Enero,Alemania,2019
-,-,-,o,-,-,-,-,-,-,-,-,-,-,8,Europa,6, Wittmundhaven,,53.55,7.66,Febrero,Alemania,2019
-,83,-,o,-,-,5.9,7,-,4,35.7,77.8,51.9,9.3,57,Europa,8, Wunstorf,,52.45,9.43,Enero,Alemania,2019
-,70,-,-,-,o,2.9,4,-,2,24.8,55.4,35.2,10,57,Europa,9, Wunstorf,,52.45,9.43,Enero,Alemania,2019
-,81,-,o,-,-,8.9,11,-,6,26.7,81.7,46.5,9,8,Europa,7, Wittmundhaven,,53.55,7.66,Marzo,Alemania,2019
-,72,-,o,-,-,6.7,9,-,5,26.5,66.5,44.6,8.9,8,Europa,8, Wittmundhaven,,53.55,7.66,Marzo,Alemania,2019
-,70,-,o,-,-,6.2,9,-,4,20.7,-,31.7,10,57,Europa,7, Wunstorf,,52.45,9.43,Febrero,Alemania,2019
-,72,-,o,-,-,7.6,9,-,6,25,46.5,31.7,10,57,Europa,8, Wunstorf,,52.45,9.43,Febrero,Alemania,2019
-,64,-,o,-,-,10.5,14,-,7,31.3,83.5,55.4,9.8,57,Europa,7, Wunstorf,,52.45,9.43,Marzo,Alemania,2019
-,93,-,o,-,-,7.1,9,-,6,22.2,55.4,42.4,6.1,8,Europa,7, Wittmundhaven,,53.55,7.66,Enero,Alemania,2019
-,82,-,o,-,-,6.9,9,-,5,27.4,88.9,50,7.2,8,Europa,7, Wittmundhaven,,53.55,7.66,Febrero,Alemania,2019
-,85,-,o,-,o,0.9,2,-,0,9.1,-,14.8,8.7,57,Europa,10, Wunstorf,,52.45,9.43,Enero,Alemania,2019
o,93,-,o,-,-,4.3,7,-,1,20.9,-,27.8,5.3,57,Europa,11, Wunstorf,,52.45,9.43,Enero,Alemania,2019
-,78,-,o,-,-,6.8,10,-,5,34.4,85.2,51.9,9.5,8,Europa,9, Wittmundhaven,,53.55,7.66,Marzo,Alemania,2019
-,68,-,o,-,-,8.4,10,-,7,33.2,77.8,46.5,10,57,Europa,9, Wunstorf,,52.45,9.43,Febrero,Alemania,2019
-,68,-,o,-,-,7.6,9,-,6,30.2,77.8,48.2,9.8,57,Europa,8, Wunstorf,,52.45,9.43,Marzo,Alemania,2019
-,75,-,o,-,-,7.7,11,o,5,33.3,88.9,59.4,9.2,57,Europa,9, Wunstorf,,52.45,9.43,Marzo,Alemania,2019
-,78,-,o,-,o,6.7,8,-,4,40.4,96.5,57.6,9.2,8,Europa,8, Wittmundhaven,,53.55,7.66,Enero,Alemania,2019
-,67,0,-,-,-,3.9,6,-,1,25,53.5,35.2,9.8,8,Europa,9, Wittmundhaven,,53.55,7.66,Enero,Alemania,2019
-,86,-,o,-,-,7.2,9,-,5,27,66.5,33.5,9.2,8,Europa,8, Wittmundhaven,,53.55,7.66,Febrero,Alemania,2019
-,75,-,o,-,-,7.8,9,-,7,33.7,74.1,44.6,10,8,Europa,9, Wittmundhaven,,53.55,7.66,Febrero,Alemania,2019
-,89,-,o,-,-,6.1,7,-,5,25.4,50,35.2,8.7,57,Europa,12, Wunstorf,,52.45,9.43,Enero,Alemania,2019
-,-,-,o,-,-,-,-,-,-,-,-,-,-,8,Europa,10, Wittmundhaven,,53.55,7.66,Marzo,Alemania,2019
-,91,-,o,-,-,5.8,7,-,4,14.8,-,22.2,9.8,57,Europa,1, Wunstorf,,52.45,9.43,Diciembre,Alemania,2013
-,-,-,o,-,-,-,-,-,-,-,-,-,-,57,Europa,10, Wunstorf,,52.45,9.43,Febrero,Alemania,2019
-,-,-,o,-,o,-,-,-,-,-,-,-,-,57,Europa,10, Wunstorf,,52.45,9.43,Marzo,Alemania,2019
-,89,-,o,-,-,2.3,4,-,0,7.8,-,13,7.1,8,Europa,10, Wittmundhaven,,53.55,7.66,Enero,Alemania,2019
-,-,-,o,-,-,-,-,-,-,-,-,-,-,8,Europa,10, Wittmundhaven,,53.55,7.66,Febrero,Alemania,2019
-,65,-,o,-,-,14.6,18,-,11,17.8,-,27.8,10,57,Europa,1, Wunstorf,,52.45,9.43,Septiembre,Alemania,2013
-,69,0,-,-,-,8.3,14,-,3,15.4,-,27.8,10,57,Europa,1, Wunstorf,,52.45,9.43,Octubre,Alemania,2013
-,89,-,o,-,-,7.3,9,-,6,29.6,74.1,46.5,8.2,57,Europa,13, Wunstorf,,52.45,9.43,Enero,Alemania,2019
-,79,-,o,-,-,10.2,13,-,8,16.3,-,24.1,10,57,Europa,1, Wunstorf,,52.45,9.43,Noviembre,Alemania,2013
-,-,-,o,-,o,-,-,o,-,-,-,-,-,8,Europa,11, Wittmundhaven,,53.55,7.66,Marzo,Alemania,2019
o,93,0,-,-,-,1.7,7,-,-1,4.6,-,11.1,6.9,57,Europa,2, Wunstorf,,52.45,9.43,Diciembre,Alemania,2013
-,92,0,-,-,-,0.1,5,-,-3,3.7,-,13,10,57,Europa,3, Wunstorf,,52.45,9.43,Diciembre,Alemania,2013
-,-,-,o,-,o,-,-,-,-,-,-,-,-,57,Europa,11, Wunstorf,,52.45,9.43,Febrero,Alemania,2019
-,-,-,o,-,-,-,-,-,-,-,-,-,-,57,Europa,12, Wunstorf,,52.45,9.43,Febrero,Alemania,2019
-,-,-,o,-,-,-,-,-,-,-,-,-,-,57,Europa,11, Wunstorf,,52.45,9.43,Marzo,Alemania,2019
-,-,-,o,-,-,-,-,-,-,-,-,-,-,57,Europa,12, Wunstorf,,52.45,9.43,Marzo,Alemania,2019
o,93,-,o,-,-,6.7,8,-,4,17.6,-,27.8,6.1,8,Europa,11, Wittmundhaven,,53.55,7.66,Enero,Alemania,2019
-,60,0,-,-,-,24.1,31,-,17,8.5,-,18.3,10,57,Europa,1, Wunstorf,,52.45,9.43,Agosto,Alemania,2013
-,92,-,o,1013.7,-,11.2,13,-,9.8,22.2,46.5,29.4,8,57,Europa,1, Wunstorf,,52.45,9.43,Junio,Alemania,2013
-,-,-,-,-,-,-,-,-,-,-,-,-,-,8,Europa,11, Wittmundhaven,,53.55,7.66,Febrero,Alemania,2019
-,83,-,o,-,-,15.3,17,-,14,23,44.6,27.8,9.5,57,Europa,2, Wunstorf,,52.45,9.43,Septiembre,Alemania,2013
-,60,0,-,-,-,8.6,15,-,2,18.7,51.9,33.5,10,57,Europa,2, Wunstorf,,52.45,9.43,Octubre,Alemania,2013
-,76,-,o,-,o,3.4,6,-,1,28.5,64.8,44.6,9.8,57,Europa,14, Wunstorf,,52.45,9.43,Enero,Alemania,2019
-,83,-,o,-,-,5.1,7,-,2,27.6,57.6,35.2,8.4,57,Europa,15, Wunstorf,,52.45,9.43,Enero,Alemania,2019
-,95,-,o,-,-,9.7,12,-,8,10.6,-,18.3,7.4,57,Europa,2, Wunstorf,,52.45,9.43,Noviembre,Alemania,2013
-,79,-,o,-,-,9,12,o,5,23.5,59.4,31.7,10,57,Europa,3, Wunstorf,,52.45,9.43,Noviembre,Alemania,2013
-,60,0,-,1024.4,-,10.5,15.9,-,3,12,-,22.2,19.8,57,Europa,1, Wunstorf,,52.45,9.43,Mayo,Alemania,2013
-,70,0,-,1015.7,-,18.2,22,-,15,15.7,-,25.2,16.6,57,Europa,1, Wunstorf,,52.45,9.43,Julio,Alemania,2013
-,-,-,o,-,-,-,-,-,-,-,-,-,-,8,Europa,12, Wittmundhaven,,53.55,7.66,Marzo,Alemania,2019
-,86,-,o,-,-,5.7,7,-,4,34.6,72.2,44.6,7.4,8,Europa,13, Wittmundhaven,,53.55,7.66,Marzo,Alemania,2019
-,-,-,o,-,-,-,-,-,-,-,-,-,-,57,Europa,4, Wunstorf,,52.45,9.43,Diciembre,Alemania,2013
-,-,-,o,-,o,-,-,-,-,-,-,-,-,57,Europa,5, Wunstorf,,52.45,9.43,Diciembre,Alemania,2013
-,79,-,o,-,-,6.7,8,-,5,17.8,-,24.1,8.2,57,Europa,13, Wunstorf,,52.45,9.43,Febrero,Alemania,2019
-,63,0,-,-,-,6.4,12,-,2,9.4,-,18.3,10,57,Europa,14, Wunstorf,,52.45,9.43,Febrero,Alemania,2019
-,76,-,o,-,-,6,7,-,5,33,68.3,44.6,9.3,57,Europa,13, Wunstorf,,52.45,9.43,Marzo,Alemania,2019
-,84,-,o,-,-,6.4,8,-,5,29.6,68.3,46.5,9.7,57,Europa,14, Wunstorf,,52.45,9.43,Marzo,Alemania,2019
-,88,0,-,-,-,6.9,8,-,6,27.2,55.4,37,6.6,8,Europa,12, Wittmundhaven,,53.55,7.66,Enero,Alemania,2019
-,89,0,-,-,-,7.4,9,-,6,31.5,63,42.4,5.3,8,Europa,13, Wittmundhaven,,53.55,7.66,Enero,Alemania,2019
-,51,0,-,-,-,26.9,34,-,17,8.5,-,16.5,10,57,Europa,2, Wunstorf,,52.45,9.43,Agosto,Alemania,2013
-,59,-,o,-,-,23.8,28,-,19,13.5,-,24.1,10,57,Europa,3, Wunstorf,,52.45,9.43,Agosto,Alemania,2013
-,64,0,-,1021.9,-,11.3,15,-,8,24.3,-,35.9,21.9,57,Europa,2, Wunstorf,,52.45,9.43,Junio,Alemania,2013
-,66,0,-,1025.8,-,11.9,18,-,7,20.9,-,28.7,20.9,57,Europa,3, Wunstorf,,52.45,9.43,Junio,Alemania,2013
-,-,-,o,-,-,-,-,-,-,-,-,-,-,8,Europa,12, Wittmundhaven,,53.55,7.66,Febrero,Alemania,2019
-,90,-,o,-,-,7.1,8,-,5,17.2,-,24.1,7.7,8,Europa,13, Wittmundhaven,,53.55,7.66,Febrero,Alemania,2019
-,84,0,-,-,-,17.8,20,-,16,12.8,-,22.2,10,57,Europa,3, Wunstorf,,52.45,9.43,Septiembre,Alemania,2013
-,-,-,-,-,-,-,-,-,-,-,-,-,-,57,Europa,4, Wunstorf,,52.45,9.43,Septiembre,Alemania,2013
-,57,0,-,-,-,8.5,15,-,3,21.1,-,31.7,10,57,Europa,3, Wunstorf,,52.45,9.43,Octubre,Alemania,2013
-,-,-,-,-,-,-,-,-,-,-,-,-,-,57,Europa,4, Wunstorf,,52.45,9.43,Octubre,Alemania,2013
-,78,-,o,-,-,6.5,7,-,6,27,53.5,33.5,10,57,Europa,16, Wunstorf,,52.45,9.43,Enero,Alemania,2019
-,84,-,o,-,o,3.9,6,-,0,25.6,53.5,31.7,9.2,57,Europa,17, Wunstorf,,52.45,9.43,Enero,Alemania,2019
-,-,-,o,-,-,-,-,-,-,-,-,-,-,57,Europa,4, Wunstorf,,52.45,9.43,Noviembre,Alemania,2013
-,-,-,o,-,-,-,-,-,-,-,-,-,-,57,Europa,5, Wunstorf,,52.45,9.43,Noviembre,Alemania,2013
-,61,0,-,1021.2,-,12.6,15,-,9.4,11.5,-,18.3,17.1,57,Europa,2, Wunstorf,,52.45,9.43,Mayo,Alemania,2013
-,51,0,-,1018.2,-,12.7,18,-,8,9.3,-,14.4,20.4,57,Europa,3, Wunstorf,,52.45,9.43,Mayo,Alemania,2013
-,65,0,-,1014.3,-,17.4,22,-,12,7.8,-,11.1,19.3,57,Europa,2, Wunstorf,,52.45,9.43,Julio,Alemania,2013
-,79,-,o,1009.8,-,19.1,23,-,15,11.7,-,18.3,17.5,57,Europa,3, Wunstorf,,52.45,9.43,Julio,Alemania,2013
-,86,-,o,-,-,6.6,8,-,6,28.3,64.8,44.6,8.7,8,Europa,14, Wittmundhaven,,53.55,7.66,Marzo,Alemania,2019
-,78,-,o,-,-,7.4,11,-,5,34.1,88.9,61.1,9.2,8,Europa,15, Wittmundhaven,,53.55,7.66,Marzo,Alemania,2019
-,-,-,o,-,o,-,-,-,-,-,-,-,-,57,Europa,6, Wunstorf,,52.45,9.43,Diciembre,Alemania,2013
-,87,-,o,-,-,2.3,5,-,1,17,-,27.8,9.2,57,Europa,7, Wunstorf,,52.45,9.43,Diciembre,Alemania,2013
-,63,0,-,-,-,6.2,16,-,-1,6.1,-,11.1,10,57,Europa,15, Wunstorf,,52.45,9.43,Febrero,Alemania,2019
-,-,-,-,-,-,-,-,-,-,-,-,-,-,57,Europa,16, Wunstorf,,52.45,9.43,Febrero,Alemania,2019
-,72,-,o,-,-,8.1,13,-,6,30.7,72.2,48.2,9.5,57,Europa,15, Wunstorf,,52.45,9.43,Marzo,Alemania,2019
-,-,-,o,-,-,-,-,-,-,-,-,-,-,57,Europa,16, Wunstorf,,52.45,9.43,Marzo,Alemania,2019
-,71,-,o,-,o,4.3,6,-,2,25.7,64.8,38.9,9,8,Europa,14, Wittmundhaven,,53.55,7.66,Enero,Alemania,2019
-,86,-,o,-,-,6.4,8,-,4,30.7,64.8,42.4,7.2,8,Europa,15, Wittmundhaven,,53.55,7.66,Enero,Alemania,2019
-,-,-,-,-,-,-,-,-,-,-,-,-,-,57,Europa,4, Wunstorf,,52.45,9.43,Agosto,Alemania,2013
-,-,-,-,-,-,-,-,-,-,-,-,-,-,57,Europa,5, Wunstorf,,52.45,9.43,Agosto,Alemania,2013
-,-,-,-,-,-,-,-,-,-,-,-,-,-,57,Europa,4, Wunstorf,,52.45,9.43,Junio,Alemania,2013
-,-,-,-,-,-,-,-,-,-,-,-,-,-,57,Europa,5, Wunstorf,,52.45,9.43,Junio,Alemania,2013
-,79,0,-,-,-,5.1,11,-,1,9.8,-,16.5,9.2,8,Europa,14, Wittmundhaven,,53.55,7.66,Febrero,Alemania,2019
-,65,0,-,-,-,6.1,13,-,0,8.3,-,13,10,8,Europa,15, Wittmundhaven,,53.55,7.66,Febrero,Alemania,2019
-,-,-,-,-,-,-,-,-,-,-,-,-,-,57,Europa,5, Wunstorf,,52.45,9.43,Septiembre,Alemania,2013
-,-,-,-,-,-,-,-,-,-,-,-,-,-,57,Europa,6, Wunstorf,,52.45,9.43,Septiembre,Alemania,2013
-,-,-,-,-,-,-,-,-,-,-,-,-,-,57,Europa,5, Wunstorf,,52.45,9.43,Octubre,Alemania,2013
-,-,-,-,-,-,-,-,-,-,-,-,-,-,57,Europa,6, Wunstorf,,52.45,9.43,Octubre,Alemania,2013
-,81,0,-,-,-,0.6,3,-,-2,12.8,-,22.2,10,57,Europa,18, Wunstorf,,52.45,9.43,Enero,Alemania,2019
-,82,0,-,-,-,-1.1,2,-,-4,7.6,-,14.8,10,57,Europa,19, Wunstorf,,52.45,9.43,Enero,Alemania,2019
-,-,-,o,-,-,-,-,-,-,-,-,-,-,57,Europa,6, Wunstorf,,52.45,9.43,Noviembre,Alemania,2013
-,89,-,o,-,-,11.3,14,-,9,17.6,-,35.2,9,57,Europa,7, Wunstorf,,52.45,9.43,Noviembre,Alemania,2013
-,-,-,-,-,-,-,-,-,-,-,-,-,-,57,Europa,4, Wunstorf,,52.45,9.43,Mayo,Alemania,2013
-,-,-,-,-,-,-,-,-,-,-,-,-,-,57,Europa,5, Wunstorf,,52.45,9.43,Mayo,Alemania,2013
-,-,-,o,-,-,-,-,-,-,-,-,-,-,57,Europa,4, Wunstorf,,52.45,9.43,Julio,Alemania,2013
-,-,-,-,-,-,-,-,-,-,-,-,-,-,57,Europa,5, Wunstorf,,52.45,9.43,Julio,Alemania,2013
-,-,-,o,-,-,-,-,-,-,-,-,-,-,8,Europa,16, Wittmundhaven,,53.55,7.66,Marzo,Alemania,2019
-,-,-,o,-,-,-,-,-,-,-,-,-,-,8,Europa,17, Wittmundhaven,,53.55,7.66,Marzo,Alemania,2019
-,86,-,o,-,-,6.9,9,-,5,22.8,44.6,31.7,9.3,57,Europa,8, Wunstorf,,52.45,9.43,Diciembre,Alemania,2013
-,96,-,o,-,-,8.1,9,-,8,21.1,48.2,27.8,4.5,57,Europa,9, Wunstorf,,52.45,9.43,Diciembre,Alemania,2013
-,-,-,-,-,-,-,-,-,-,-,-,-,-,57,Europa,17, Wunstorf,,52.45,9.43,Febrero,Alemania,2019
-,-,-,-,-,-,-,-,-,-,-,-,-,-,57,Europa,18, Wunstorf,,52.45,9.43,Febrero,Alemania,2019
-,-,-,o,-,-,-,-,-,-,-,-,-,-,57,Europa,17, Wunstorf,,52.45,9.43,Marzo,Alemania,2019
-,-,-,o,-,o,-,-,-,-,-,-,-,-,57,Europa,18, Wunstorf,,52.45,9.43,Marzo,Alemania,2019
-,90,-,o,-,-,6.7,8,-,5,26.9,64.8,38.9,6.3,8,Europa,16, Wittmundhaven,,53.55,7.66,Enero,Alemania,2019
-,86,-,o,-,o,3.3,5,-,1,18.7,53.5,33.5,8.9,8,Europa,17, Wittmundhaven,,53.55,7.66,Enero,Alemania,2019
-,-,-,o,-,-,-,-,o,-,-,-,-,-,57,Europa,6, Wunstorf,,52.45,9.43,Agosto,Alemania,2013
-,79,-,o,-,-,19.1,24,-,15,14.1,-,27.8,10,57,Europa,7, Wunstorf,,52.45,9.43,Agosto,Alemania,2013
-,-,-,-,-,-,-,-,-,-,-,-,-,-,57,Europa,6, Wunstorf,,52.45,9.43,Junio,Alemania,2013
-,54,0,-,1021,-,19.2,25,-,11,8.9,-,14.8,29,57,Europa,7, Wunstorf,,52.45,9.43,Junio,Alemania,2013
-,-,-,-,-,-,-,-,-,-,-,-,-,-,8,Europa,16, Wittmundhaven,,53.55,7.66,Febrero,Alemania,2019
-,-,-,-,-,-,-,-,-,-,-,-,-,-,8,Europa,17, Wittmundhaven,,53.55,7.66,Febrero,Alemania,2019
-,78,0,-,-,-,19.8,25,-,15,7.4,-,16.5,7.4,57,Europa,7, Wunstorf,,52.45,9.43,Septiembre,Alemania,2013
-,89,0,-,-,-,15.4,18,-,13,9.6,-,29.4,7.4,57,Europa,8, Wunstorf,,52.45,9.43,Septiembre,Alemania,2013
-,79,0,-,-,-,13.9,17,-,12,3.7,-,7.6,10,57,Europa,7, Wunstorf,,52.45,9.43,Octubre,Alemania,2013
-,83,0,-,-,-,13.8,16,-,12,5.4,-,11.1,9.5,57,Europa,8, Wunstorf,,52.45,9.43,Octubre,Alemania,2013
o,91,0,-,-,-,-4.6,-2,-,-7,6.7,-,13,4.7,57,Europa,20, Wunstorf,,52.45,9.43,Enero,Alemania,2019
o,79,0,-,-,-,-3.3,1,-,-8,7.8,-,16.5,6.4,57,Europa,21, Wunstorf,,52.45,9.43,Enero,Alemania,2019
-,92,-,o,-,-,8.9,11,-,7,7.6,-,14.8,9.7,57,Europa,8, Wunstorf,,52.45,9.43,Noviembre,Alemania,2013
-,72,-,o,-,-,8.9,11,-,7,25,70.6,40.7,10,57,Europa,9, Wunstorf,,52.45,9.43,Noviembre,Alemania,2013
-,-,-,-,-,-,-,-,-,-,-,-,-,-,57,Europa,6, Wunstorf,,52.45,9.43,Mayo,Alemania,2013
-,82,-,o,1016.8,-,14.1,18,-,10,9.8,-,24.1,13.2,57,Europa,7, Wunstorf,,52.45,9.43,Mayo,Alemania,2013
-,-,-,-,-,-,-,-,-,-,-,-,-,-,57,Europa,6, Wunstorf,,52.45,9.43,Julio,Alemania,2013
-,56,0,-,1031.1,-,20.1,26.3,-,12,7.8,-,11.1,23.8,57,Europa,7, Wunstorf,,52.45,9.43,Julio,Alemania,2013
-,-,-,o,-,o,-,-,-,-,-,-,-,-,8,Europa,18, Wittmundhaven,,53.55,7.66,Marzo,Alemania,2019
-,70,0,-,-,-,5.6,9,-,3,10.6,-,18.3,10,8,Europa,19, Wittmundhaven,,53.55,7.66,Marzo,Alemania,2019
o,-,-,-,-,-,-,-,-,-,-,-,-,-,57,Europa,10, Wunstorf,,52.45,9.43,Diciembre,Alemania,2013
o,-,-,-,-,-,-,-,-,-,-,-,-,-,57,Europa,11, Wunstorf,,52.45,9.43,Diciembre,Alemania,2013
-,70,-,o,-,-,8.3,10,-,7,23.2,50,35.2,9.7,57,Europa,19, Wunstorf,,52.45,9.43,Febrero,Alemania,2019
-,70,0,-,-,-,7.9,10,-,6,15.4,-,22.2,10,57,Europa,20, Wunstorf,,52.45,9.43,Febrero,Alemania,2019
-,69,0,-,-,-,5.1,9,-,2,14.4,-,24.1,10,57,Europa,19, Wunstorf,,52.45,9.43,Marzo,Alemania,2019
-,68,0,-,-,-,8.2,12,-,2,15.4,-,24.1,10,57,Europa,20, Wunstorf,,52.45,9.43,Marzo,Alemania,2019
-,87,-,-,-,o,0.7,4,-,-1,9.6,-,18.3,8.7,8,Europa,18, Wittmundhaven,,53.55,7.66,Enero,Alemania,2019
-,83,0,-,-,-,-1.6,2,-,-4,7.2,-,11.1,7.9,8,Europa,19, Wittmundhaven,,53.55,7.66,Enero,Alemania,2019
-,78,-,o,-,-,17.7,21,-,13,12.8,-,22.2,8.5,57,Europa,8, Wunstorf,,52.45,9.43,Agosto,Alemania,2013
-,62,0,-,-,-,17.5,23,-,10,5.7,-,11.1,10,57,Europa,9, Wunstorf,,52.45,9.43,Agosto,Alemania,2013
-,57,0,-,1017.6,-,18.2,24,-,11,10.4,-,18.3,21.9,57,Europa,8, Wunstorf,,52.45,9.43,Junio,Alemania,2013
-,77,0,-,1012.8,-,13.3,18,-,9.9,10.6,-,18,15,57,Europa,9, Wunstorf,,52.45,9.43,Junio,Alemania,2013
-,-,-,-,-,-,-,-,-,-,-,-,-,-,8,Europa,18, Wittmundhaven,,53.55,7.66,Febrero,Alemania,2019
-,86,-,o,-,-,7.1,8,-,5,20.7,-,31.7,9.8,8,Europa,19, Wittmundhaven,,53.55,7.66,Febrero,Alemania,2019
-,85,-,o,-,-,13.1,17,-,9,9.6,48.2,27.8,8.5,57,Europa,9, Wunstorf,,52.45,9.43,Septiembre,Alemania,2013
-,-,-,o,-,-,-,-,-,-,-,-,-,-,57,Europa,10, Wunstorf,,52.45,9.43,Septiembre,Alemania,2013
-,85,-,o,-,-,13.6,16,-,11,13.7,-,22.2,7.4,57,Europa,9, Wunstorf,,52.45,9.43,Octubre,Alemania,2013
-,-,-,o,-,-,-,-,-,-,-,-,-,-,57,Europa,10, Wunstorf,,52.45,9.43,Octubre,Alemania,2013
-,74,0,-,-,-,-2.6,0,-,-6,12.6,-,24.1,10,57,Europa,22, Wunstorf,,52.45,9.43,Enero,Alemania,2019
-,81,0,-,-,-,-5.1,-3,-,-8,12.4,-,18.3,7.6,57,Europa,23, Wunstorf,,52.45,9.43,Enero,Alemania,2019
-,-,-,o,-,-,-,-,-,-,-,-,-,-,57,Europa,10, Wunstorf,,52.45,9.43,Noviembre,Alemania,2013
-,-,-,-,-,-,-,-,-,-,-,-,-,-,57,Europa,11, Wunstorf,,52.45,9.43,Noviembre,Alemania,2013
o,71,0,-,1011.2,-,17.1,22,-,11.8,12,-,28.7,15,57,Europa,8, Wunstorf,,52.45,9.43,Mayo,Alemania,2013
-,68,-,o,1011.9,-,15.9,19,o,12,11.5,42.4,21.7,18.8,57,Europa,9, Wunstorf,,52.45,9.43,Mayo,Alemania,2013
-,58,0,-,1030.5,-,20.5,26.4,-,14.1,9.3,31.3,14.8,23,57,Europa,8, Wunstorf,,52.45,9.43,Julio,Alemania,2013
-,60,0,-,1025.3,-,19.8,26.4,-,12.7,9.3,-,14.8,22.4,57,Europa,9, Wunstorf,,52.45,9.43,Julio,Alemania,2013
-,87,-,o,-,-,8.3,10,-,5,13.1,-,18.3,6.4,8,Europa,20, Wittmundhaven,,53.55,7.66,Marzo,Alemania,2019
-,88,0,-,-,-,9.2,11,-,8,14.8,-,24.1,7.2,8,Europa,21, Wittmundhaven,,53.55,7.66,Marzo,Alemania,2019
o,-,-,-,-,-,-,-,-,-,-,-,-,-,57,Europa,12, Wunstorf,,52.45,9.43,Diciembre,Alemania,2013
-,88,0,-,-,-,1.4,5,-,-1,12.4,-,18.3,10,57,Europa,13, Wunstorf,,52.45,9.43,Diciembre,Alemania,2013
-,79,-,o,-,-,9,11,-,7,19.3,-,27.8,7.7,57,Europa,21, Wunstorf,,52.45,9.43,Febrero,Alemania,2019
-,-,-,-,-,-,-,-,-,-,-,-,-,-,57,Europa,22, Wunstorf,,52.45,9.43,Febrero,Alemania,2019
o,76,0,-,-,-,11,15,-,6,9.6,-,18.3,8.4,57,Europa,21, Wunstorf,,52.45,9.43,Marzo,Alemania,2019
o,-,-,-,-,-,-,-,-,-,-,-,-,-,57,Europa,22, Wunstorf,,52.45,9.43,Marzo,Alemania,2019
-,89,0,-,-,-,-2.9,1,-,-5,5.2,-,9.4,5.6,8,Europa,20, Wittmundhaven,,53.55,7.66,Enero,Alemania,2019
-,91,0,-,-,-,-2.2,2,-,-6,8.3,-,13,5.6,8,Europa,21, Wittmundhaven,,53.55,7.66,Enero,Alemania,2019
-,-,-,-,-,-,-,-,-,-,-,-,-,-,57,Europa,10, Wunstorf,,52.45,9.43,Agosto,Alemania,2013
-,-,-,o,-,-,-,-,-,-,-,-,-,-,57,Europa,11, Wunstorf,,52.45,9.43,Agosto,Alemania,2013
-,-,-,-,-,-,-,-,-,-,-,-,-,-,57,Europa,10, Wunstorf,,52.45,9.43,Junio,Alemania,2013
-,80,-,o,-,-,7.6,10,-,6,15.4,42.4,20.6,9,8,Europa,20, Wittmundhaven,,53.55,7.66,Febrero,Alemania,2019
-,88,-,o,-,-,7.8,9,-,6,17,-,27.8,6.1,8,Europa,21, Wittmundhaven,,53.55,7.66,Febrero,Alemania,2019
-,-,-,o,-,-,-,-,-,-,-,-,-,-,57,Europa,11, Wunstorf,,52.45,9.43,Septiembre,Alemania,2013
-,-,-,o,-,-,-,-,-,-,-,-,-,-,57,Europa,12, Wunstorf,,52.45,9.43,Septiembre,Alemania,2013
-,-,-,o,-,-,-,-,-,-,-,-,-,-,57,Europa,11, Wunstorf,,52.45,9.43,Octubre,Alemania,2013
-,-,-,o,-,-,-,-,-,-,-,-,-,-,57,Europa,12, Wunstorf,,52.45,9.43,Octubre,Alemania,2013
-,77,0,-,-,-,-4.1,-3,-,-6,8.7,-,20.6,8.5,57,Europa,24, Wunstorf,,52.45,9.43,Enero,Alemania,2019
-,79,-,o,-,o,-2.8,1,-,-4,12,40.7,20.6,5.6,57,Europa,25, Wunstorf,,52.45,9.43,Enero,Alemania,2019
-,-,-,o,-,-,-,-,-,-,-,-,-,-,57,Europa,12, Wunstorf,,52.45,9.43,Noviembre,Alemania,2013
-,88,0,-,-,-,6.1,10,-,2,11.9,-,16.5,8.5,57,Europa,13, Wunstorf,,52.45,9.43,Noviembre,Alemania,2013
-,-,-,-,-,-,-,-,-,-,-,-,-,-,57,Europa,10, Wunstorf,,52.45,9.43,Mayo,Alemania,2013
-,-,-,o,-,-,-,-,-,-,-,-,-,-,57,Europa,11, Wunstorf,,52.45,9.43,Mayo,Alemania,2013
-,-,-,o,-,-,-,-,-,-,-,-,-,-,57,Europa,10, Wunstorf,,52.45,9.43,Julio,Alemania,2013
-,-,-,-,-,-,-,-,-,-,-,-,-,-,57,Europa,11, Wunstorf,,52.45,9.43,Julio,Alemania,2013
o,-,-,o,-,-,-,-,-,-,-,-,-,-,8,Europa,22, Wittmundhaven,,53.55,7.66,Marzo,Alemania,2019
o,-,-,-,-,-,-,-,-,-,-,-,-,-,8,Europa,23, Wittmundhaven,,53.55,7.66,Marzo,Alemania,2019
-,91,-,o,-,-,2.4,5,-,-2,14.3,-,22.2,6.6,57,Europa,14, Wunstorf,,52.45,9.43,Diciembre,Alemania,2013
-,84,0,-,-,-,5.3,7,-,3,17.4,51.9,31.7,10,57,Europa,15, Wunstorf,,52.45,9.43,Diciembre,Alemania,2013
-,-,-,-,-,-,-,-,-,-,-,-,-,-,57,Europa,16, Wunstorf,,52.45,9.43,Diciembre,Alemania,2013
-,-,-,-,-,-,-,-,-,-,-,-,-,-,57,Europa,23, Wunstorf,,52.45,9.43,Febrero,Alemania,2019
-,-,-,-,-,-,-,-,-,-,-,-,-,-,57,Europa,24, Wunstorf,,52.45,9.43,Febrero,Alemania,2019
o,-,-,o,-,-,-,-,-,-,-,-,-,-,57,Europa,23, Wunstorf,,52.45,9.43,Marzo,Alemania,2019
o,-,-,-,-,-,-,-,-,-,-,-,-,-,57,Europa,24, Wunstorf,,52.45,9.43,Marzo,Alemania,2019
-,78,0,-,-,-,-1.4,0,-,-3,14.4,-,20.6,7.4,8,Europa,22, Wittmundhaven,,53.55,7.66,Enero,Alemania,2019
-,86,-,-,-,o,-3.8,-2,-,-7,9.4,-,14.8,5.3,8,Europa,23, Wittmundhaven,,53.55,7.66,Enero,Alemania,2019
-,-,-,o,-,-,-,-,-,-,-,-,-,-,57,Europa,12, Wunstorf,,52.45,9.43,Agosto,Alemania,2013
-,78,-,o,-,-,14,20,-,10,15.4,59.4,35.2,10,57,Europa,13, Wunstorf,,52.45,9.43,Agosto,Alemania,2013
-,-,-,-,-,-,-,-,-,-,-,-,-,-,57,Europa,11, Wunstorf,,52.45,9.43,Junio,Alemania,2013
-,-,-,-,-,-,-,-,-,-,-,-,-,-,57,Europa,12, Wunstorf,,52.45,9.43,Junio,Alemania,2013
-,-,-,-,-,-,-,-,-,-,-,-,-,-,8,Europa,22, Wittmundhaven,,53.55,7.66,Febrero,Alemania,2019
o,-,-,-,-,-,-,-,-,-,-,-,-,-,8,Europa,23, Wittmundhaven,,53.55,7.66,Febrero,Alemania,2019
-,80,0,-,-,-,15.1,20,-,12,10,-,18.3,9.3,57,Europa,13, Wunstorf,,52.45,9.43,Septiembre,Alemania,2013
-,90,-,o,-,-,14.4,18,-,10,12.6,37,22.2,8.5,57,Europa,14, Wunstorf,,52.45,9.43,Septiembre,Alemania,2013
-,81,0,-,-,-,7.6,11,-,5,12.8,-,18.3,10,57,Europa,13, Wunstorf,,52.45,9.43,Octubre,Alemania,2013
-,82,0,-,-,-,8.6,14,-,3,12.6,-,18.3,10,57,Europa,14, Wunstorf,,52.45,9.43,Octubre,Alemania,2013
-,93,-,o,-,-,5.1,7,-,2,19.8,-,25.9,6,57,Europa,26, Wunstorf,,52.45,9.43,Enero,Alemania,2019
-,86,-,o,-,-,5.4,7,-,3,18.1,37,24.1,9.8,57,Europa,27, Wunstorf,,52.45,9.43,Enero,Alemania,2019
-,87,0,-,-,-,4.1,7,-,1,10.7,-,16.5,10,57,Europa,14, Wunstorf,,52.45,9.43,Noviembre,Alemania,2013
o,86,0,-,-,-,4.4,8,-,0,2.2,-,5.4,7.1,57,Europa,15, Wunstorf,,52.45,9.43,Noviembre,Alemania,2013
-,-,-,o,-,-,-,-,-,-,-,-,-,-,57,Europa,12, Wunstorf,,52.45,9.43,Mayo,Alemania,2013
-,83,-,o,1012.1,-,10.6,13.3,-,7.8,15.4,-,22.2,13.8,57,Europa,13, Wunstorf,,52.45,9.43,Mayo,Alemania,2013
-,-,-,-,-,-,-,-,-,-,-,-,-,-,57,Europa,12, Wunstorf,,52.45,9.43,Julio,Alemania,2013
-,64,0,-,1022.6,-,17.7,21.1,-,13.7,11.3,-,14.4,21.7,57,Europa,13, Wunstorf,,52.45,9.43,Julio,Alemania,2013
-,-,-,o,-,-,-,-,-,-,-,-,-,-,8,Europa,24, Wittmundhaven,,53.55,7.66,Marzo,Alemania,2019
-,82,-,o,-,o,5.6,8,-,4,24.8,66.5,40.7,8.9,8,Europa,25, Wittmundhaven,,53.55,7.66,Marzo,Alemania,2019
-,-,-,-,-,-,-,-,-,-,-,-,-,-,57,Europa,17, Wunstorf,,52.45,9.43,Diciembre,Alemania,2013
-,-,-,-,-,-,-,-,-,-,-,-,-,-,57,Europa,18, Wunstorf,,52.45,9.43,Diciembre,Alemania,2013
-,50,0,-,-,-,6.8,16,-,0,4.4,-,9.4,10,57,Europa,25, Wunstorf,,52.45,9.43,Febrero,Alemania,2019
-,52,0,-,-,-,6.6,16,-,0,6.1,-,13,10,57,Europa,26, Wunstorf,,52.45,9.43,Febrero,Alemania,2019
-,81,-,o,-,-,5.6,8,-,4,23.5,57.6,35.2,9.7,57,Europa,25, Wunstorf,,52.45,9.43,Marzo,Alemania,2019
-,84,-,o,-,-,6,8,-,4,19.4,-,31.7,10,57,Europa,26, Wunstorf,,52.45,9.43,Marzo,Alemania,2019
-,81,0,-,-,-,-5.3,-4,-,-6,7.2,-,13,5,8,Europa,24, Wittmundhaven,,53.55,7.66,Enero,Alemania,2019
-,89,-,o,-,o,-4.7,2,-,-10,10.9,-,20.6,3.5,8,Europa,25, Wittmundhaven,,53.55,7.66,Enero,Alemania,2019
-,70,0,-,-,-,14.9,19,-,11,12.6,-,20.6,10,57,Europa,14, Wunstorf,,52.45,9.43,Agosto,Alemania,2013
-,68,-,o,-,-,16.9,23,-,9,7.6,-,18.3,10,57,Europa,15, Wunstorf,,52.45,9.43,Agosto,Alemania,2013
-,76,-,o,1013.3,-,18.8,25.2,-,12,17.4,46.5,31.3,17.7,57,Europa,13, Wunstorf,,52.45,9.43,Junio,Alemania,2013
-,70,0,-,1018.2,-,15.2,19,-,11,15.9,-,25.2,18.5,57,Europa,14, Wunstorf,,52.45,9.43,Junio,Alemania,2013
-,-,-,-,-,-,-,-,-,-,-,-,-,-,8,Europa,24, Wittmundhaven,,53.55,7.66,Febrero,Alemania,2019
-,70,0,-,-,-,5.2,15,-,-1,4.4,-,11.1,10,8,Europa,25, Wittmundhaven,,53.55,7.66,Febrero,Alemania,2019
-,73,-,o,-,-,13.7,17,-,12,13.3,-,18.3,10,57,Europa,15, Wunstorf,,52.45,9.43,Septiembre,Alemania,2013
-,-,-,o,-,-,-,-,-,-,-,-,-,-,57,Europa,16, Wunstorf,,52.45,9.43,Septiembre,Alemania,2013
-,39,0,-,1020.1,-,11.3,17.8,-,3,1.9,-,11.1,10,1010,Asia,1, KANDAHAR AIRPORT,,31.5,65.85,Diciembre,Afganistán,2018
-,89,-,o,-,-,9.9,11,-,8,10.2,-,14.8,9.5,57,Europa,15, Wunstorf,,52.45,9.43,Octubre,Alemania,2013
-,87,-,o,-,o,2.6,4,-,1,16.7,53.5,31.7,7.7,57,Europa,28, Wunstorf,,52.45,9.43,Enero,Alemania,2019
o,-,-,-,-,-,-,-,-,-,-,-,-,-,57,Europa,16, Wunstorf,,52.45,9.43,Noviembre,Alemania,2013
-,64,-,o,1009,-,11.4,14,-,8,14.1,-,22.2,18.5,57,Europa,14, Wunstorf,,52.45,9.43,Mayo,Alemania,2013
-,80,0,-,1022.9,-,15.6,20,-,11.7,12.6,-,18,13.2,57,Europa,14, Wunstorf,,52.45,9.43,Julio,Alemania,2013
o,63,0,-,1022.8,-,17.4,25,-,8.9,7.6,-,14.4,22.4,57,Europa,15, Wunstorf,,52.45,9.43,Julio,Alemania,2013
-,81,-,o,-,-,6.7,9,-,4,17.6,-,25.9,10,8,Europa,26, Wittmundhaven,,53.55,7.66,Marzo,Alemania,2019
-,85,-,o,-,-,6.4,9,-,1,17,-,29.4,9.7,57,Europa,19, Wunstorf,,52.45,9.43,Diciembre,Alemania,2013
-,52,0,-,-,-,8.6,18,-,-1,8.1,-,18.3,10,57,Europa,27, Wunstorf,,52.45,9.43,Febrero,Alemania,2019
-,78,-,o,-,-,8.1,11,-,5,15.7,-,24.1,9.3,57,Europa,27, Wunstorf,,52.45,9.43,Marzo,Alemania,2019
-,-,-,o,-,-,-,-,-,-,-,-,-,-,57,Europa,28, Wunstorf,,52.45,9.43,Marzo,Alemania,2019
-,98,0,-,-,-,4.9,7,-,2,15.7,35.2,24.1,2.9,8,Europa,26, Wittmundhaven,,53.55,7.66,Enero,Alemania,2019
-,-,-,-,-,-,-,-,-,-,-,-,-,-,57,Europa,16, Wunstorf,,52.45,9.43,Agosto,Alemania,2013
-,-,-,-,-,-,-,-,-,-,-,-,-,-,57,Europa,17, Wunstorf,,52.45,9.43,Agosto,Alemania,2013
-,96,0,-,-,-,9.8,10.3,-,9,7.6,-,10.7,13.5,57,Europa,15, Wunstorf,,52.45,9.43,Junio,Alemania,2013
-,-,-,-,-,-,-,-,-,-,-,-,-,-,57,Europa,16, Wunstorf,,52.45,9.43,Junio,Alemania,2013
-,59,0,-,-,-,5.7,16,-,-2,4.1,-,7.6,9.8,8,Europa,26, Wittmundhaven,,53.55,7.66,Febrero,Alemania,2019
-,-,-,o,-,-,-,-,-,-,-,-,-,-,57,Europa,17, Wunstorf,,52.45,9.43,Septiembre,Alemania,2013
-,44,0,-,1017.2,-,10.4,17.1,-,2.9,1.1,-,5.4,9.8,1010,Asia,2, KANDAHAR AIRPORT,,31.5,65.85,Diciembre,Afganistán,2018
-,43,0,-,1018.2,-,10.8,18.1,-,4.2,2.6,-,13,10,1010,Asia,3, KANDAHAR AIRPORT,,31.5,65.85,Diciembre,Afganistán,2018
-,11,0,-,1011.1,o,22.5,30.9,-,11.9,5.9,24.1,16.5,10,1010,Asia,1, KANDAHAR AIRPORT,,31.5,65.85,Octubre,Afganistán,2018
-,54,0.25,-,1021,-,13.9,20,-,9,7.6,27.8,18.3,10,1010,Asia,1, KANDAHAR AIRPORT,,31.5,65.85,Noviembre,Afganistán,2018
-,10,0,-,1002.8,-,27.2,35,-,18.5,7.2,27.8,18.3,4.7,1010,Asia,1, KANDAHAR AIRPORT,,31.5,65.85,Septiembre,Afganistán,2018
-,-,-,o,-,-,-,-,-,-,-,-,-,-,57,Europa,16, Wunstorf,,52.45,9.43,Octubre,Alemania,2013
-,88,0,-,-,-,0.9,3,-,-1,14.1,-,24.1,10,57,Europa,29, Wunstorf,,52.45,9.43,Enero,Alemania,2019
-,-,-,-,-,-,-,-,-,-,-,-,-,-,57,Europa,17, Wunstorf,,52.45,9.43,Noviembre,Alemania,2013
-,71,-,o,1002,-,15.8,22,o,8.6,14.6,-,22.2,17.5,57,Europa,15, Wunstorf,,52.45,9.43,Mayo,Alemania,2013
o,-,-,-,-,-,-,-,-,-,-,-,-,-,57,Europa,16, Wunstorf,,52.45,9.43,Julio,Alemania,2013
-,89,-,o,-,-,7.8,10,-,5,17.2,-,29.4,9.5,8,Europa,27, Wittmundhaven,,53.55,7.66,Marzo,Alemania,2019
o,89,0,-,-,-,3.8,6,-,0,15.6,-,24.1,8.7,57,Europa,20, Wunstorf,,52.45,9.43,Diciembre,Alemania,2013
-,-,-,o,-,-,-,-,-,-,-,-,-,-,57,Europa,28, Wunstorf,,52.45,9.43,Febrero,Alemania,2019
-,-,-,-,-,-,-,-,-,-,-,-,-,-,57,Europa,29, Wunstorf,,52.45,9.43,Marzo,Alemania,2019
-,93,0,-,-,-,5.1,7,-,2,16.5,-,22.2,6.1,8,Europa,27, Wittmundhaven,,53.55,7.66,Enero,Alemania,2019
-,-,-,-,-,-,-,-,-,-,-,-,-,-,57,Europa,18, Wunstorf,,52.45,9.43,Agosto,Alemania,2013
-,90,-,o,-,-,16.1,20,-,13,13,-,33.5,8.4,57,Europa,19, Wunstorf,,52.45,9.43,Agosto,Alemania,2013
-,-,-,o,-,-,-,-,-,-,-,-,-,-,57,Europa,17, Wunstorf,,52.45,9.43,Junio,Alemania,2013
-,58,0,-,-,-,8.1,17,-,0,7.8,-,14.8,10,8,Europa,27, Wittmundhaven,,53.55,7.66,Febrero,Alemania,2019
-,-,-,o,-,-,-,-,-,-,-,-,-,-,57,Europa,18, Wunstorf,,52.45,9.43,Septiembre,Alemania,2013
-,10,0,-,1002.7,-,31.2,39,-,23,6.5,31.7,13,10,1010,Asia,1, KANDAHAR AIRPORT,,31.5,65.85,Junio,Afganistán,2018
-,8,0,-,996.6,-,34.4,42,-,27,7.8,38.9,25.9,10,1010,Asia,1, KANDAHAR AIRPORT,,31.5,65.85,Julio,Afganistán,2018
-,8,0,-,994.9,-,31.3,39.7,-,20.9,9.4,27.8,22.2,10,1010,Asia,1, KANDAHAR AIRPORT,,31.5,65.85,Agosto,Afganistán,2018
-,17,0,-,1005.3,-,29.5,36,-,21,11.9,25.9,20.6,8.9,1010,Asia,1, KANDAHAR AIRPORT,,31.5,65.85,Mayo,Afganistán,2018
-,-,-,-,-,-,-,-,-,-,-,-,-,-,1010,Asia,4, KANDAHAR AIRPORT,,31.5,65.85,Diciembre,Afganistán,2018
-,11,0,-,1011.5,-,22.3,29,-,14,5.7,-,13,9.8,1010,Asia,2, KANDAHAR AIRPORT,,31.5,65.85,Octubre,Afganistán,2018
-,39,0,-,1020.6,-,12.6,18,-,7,8.9,40.7,24.1,8.4,1010,Asia,2, KANDAHAR AIRPORT,,31.5,65.85,Noviembre,Afganistán,2018
-,10,0,-,1003.9,-,26,33.1,-,17,6.1,31.7,22.2,5.3,1010,Asia,2, KANDAHAR AIRPORT,,31.5,65.85,Septiembre,Afganistán,2018
-,-,-,o,-,-,-,-,-,-,-,-,-,-,57,Europa,17, Wunstorf,,52.45,9.43,Octubre,Alemania,2013
-,81,-,-,-,o,0.1,1,-,-2,17,-,31.7,9.2,57,Europa,30, Wunstorf,,52.45,9.43,Enero,Alemania,2019
-,-,-,o,-,-,-,-,-,-,-,-,-,-,57,Europa,18, Wunstorf,,52.45,9.43,Noviembre,Alemania,2013
-,-,-,-,-,-,-,-,-,-,-,-,-,-,57,Europa,16, Wunstorf,,52.45,9.43,Mayo,Alemania,2013
-,-,-,o,-,-,-,-,-,-,-,-,-,-,57,Europa,17, Wunstorf,,52.45,9.43,Mayo,Alemania,2013
-,-,-,-,-,-,-,-,-,-,-,-,-,-,57,Europa,17, Wunstorf,,52.45,9.43,Julio,Alemania,2013
-,-,-,-,-,-,-,-,-,-,-,-,-,-,57,Europa,18, Wunstorf,,52.45,9.43,Julio,Alemania,2013
-,-,-,-,-,-,-,-,-,-,-,-,-,-,8,Europa,28, Wittmundhaven,,53.55,7.66,Marzo,Alemania,2019
-,60,0,-,-,-,6.2,8,-,5,24.1,-,33.5,10,57,Europa,21, Wunstorf,,52.45,9.43,Diciembre,Alemania,2013
-,-,-,o,-,-,-,-,-,-,-,-,-,-,57,Europa,22, Wunstorf,,52.45,9.43,Diciembre,Alemania,2013
-,-,-,-,-,-,-,-,-,-,-,-,-,-,57,Europa,30, Wunstorf,,52.45,9.43,Marzo,Alemania,2019
-,89,-,o,-,-,2.6,5,-,1,13.3,50,35.9,6.8,8,Europa,28, Wittmundhaven,,53.55,7.66,Enero,Alemania,2019
-,87,-,-,-,o,0.8,3,-,-1,11.9,-,20.6,9.3,8,Europa,29, Wittmundhaven,,53.55,7.66,Enero,Alemania,2019
-,76,0,-,-,-,16.2,20,-,13,10,-,16.5,10,57,Europa,20, Wunstorf,,52.45,9.43,Agosto,Alemania,2013
-,-,-,o,-,-,-,-,-,-,-,-,-,-,57,Europa,18, Wunstorf,,52.45,9.43,Junio,Alemania,2013
o,-,-,-,-,-,-,-,-,-,-,-,-,-,8,Europa,28, Wittmundhaven,,53.55,7.66,Febrero,Alemania,2019
-,76,-,o,-,-,12,16,-,8,15.2,-,22.2,10,57,Europa,19, Wunstorf,,52.45,9.43,Septiembre,Alemania,2013
-,9,0,-,1001.9,-,33.9,42,-,22,6.9,25.9,16.5,9.8,1010,Asia,2, KANDAHAR AIRPORT,,31.5,65.85,Junio,Afganistán,2018
-,8,0,-,993.4,-,33.8,41,-,25,7.4,25.9,18.3,9.8,1010,Asia,2, KANDAHAR AIRPORT,,31.5,65.85,Julio,Afganistán,2018
-,8,0,-,991.7,-,33.4,41,-,25,10.2,29.4,18.3,9.7,1010,Asia,3, KANDAHAR AIRPORT,,31.5,65.85,Julio,Afganistán,2018
-,9,0,-,995.5,-,32.5,40,-,21.3,5.6,25.9,16.5,9.8,1010,Asia,2, KANDAHAR AIRPORT,,31.5,65.85,Agosto,Afganistán,2018
-,19,0,-,1007.7,-,26.2,32,-,20,16.9,48.2,35.2,7.2,1010,Asia,2, KANDAHAR AIRPORT,,31.5,65.85,Mayo,Afganistán,2018
-,17,0,-,1008.7,-,24.1,31,-,19,11.5,35.2,22.2,9.3,1010,Asia,3, KANDAHAR AIRPORT,,31.5,65.85,Mayo,Afganistán,2018
-,-,-,-,-,-,-,-,-,-,-,-,-,-,1010,Asia,5, KANDAHAR AIRPORT,,31.5,65.85,Diciembre,Afganistán,2018
-,-,-,-,-,-,-,-,-,-,-,-,-,-,1010,Asia,6, KANDAHAR AIRPORT,,31.5,65.85,Diciembre,Afganistán,2018
-,12,0,o,1010.6,o,22.3,31,-,12.8,6.5,29.4,18.3,10,1010,Asia,3, KANDAHAR AIRPORT,,31.5,65.85,Octubre,Afganistán,2018
-,30,0,o,1022.4,-,9.4,15,-,4.5,8.9,24.1,18,2.3,1010,Asia,3, KANDAHAR AIRPORT,,31.5,65.85,Noviembre,Afganistán,2018
-,22,0,-,1022.8,-,8.7,14,-,3,2,27.8,11.1,2.6,1010,Asia,4, KANDAHAR AIRPORT,,31.5,65.85,Noviembre,Afganistán,2018
-,12,0,o,1004.4,o,25.2,32.1,-,16.5,4.1,22.2,13,5.6,1010,Asia,3, KANDAHAR AIRPORT,,31.5,65.85,Septiembre,Afganistán,2018
-,10,0,-,1005.5,-,25.1,32,-,16.1,3.5,24.1,14.4,7.4,1010,Asia,4, KANDAHAR AIRPORT,,31.5,65.85,Septiembre,Afganistán,2018
-,-,-,o,-,-,-,-,-,-,-,-,-,-,57,Europa,18, Wunstorf,,52.45,9.43,Octubre,Alemania,2013
-,76,0,-,-,-,0.9,3,-,-1,11.9,-,22.2,10,57,Europa,31, Wunstorf,,52.45,9.43,Enero,Alemania,2019
-,86,-,o,-,-,5.3,6,-,5,7.4,-,13,7.6,57,Europa,19, Wunstorf,,52.45,9.43,Noviembre,Alemania,2013
-,-,-,o,-,-,-,-,-,-,-,-,-,-,57,Europa,18, Wunstorf,,52.45,9.43,Mayo,Alemania,2013
-,67,0,-,1022.9,-,19.6,24.5,-,15,15,-,27.8,17.1,57,Europa,19, Wunstorf,,52.45,9.43,Julio,Alemania,2013
-,-,-,-,-,-,-,-,-,-,-,-,-,-,8,Europa,29, Wittmundhaven,,53.55,7.66,Marzo,Alemania,2019
o,-,-,-,-,-,-,-,-,-,-,-,-,-,8,Europa,30, Wittmundhaven,,53.55,7.66,Marzo,Alemania,2019
-,-,-,-,-,-,-,-,-,-,-,-,-,-,57,Europa,23, Wunstorf,,52.45,9.43,Diciembre,Alemania,2013
-,63,0,-,-,-,7.5,12,-,2,12.6,-,20.6,9.2,57,Europa,31, Wunstorf,,52.45,9.43,Marzo,Alemania,2019
-,84,-,-,-,o,-0.1,2,-,-2,13.3,-,22.2,8,8,Europa,30, Wittmundhaven,,53.55,7.66,Enero,Alemania,2019
-,67,0,-,-,-,16.4,22,-,10,3.7,-,9.4,10,57,Europa,21, Wunstorf,,52.45,9.43,Agosto,Alemania,2013
o,-,-,-,-,-,-,-,-,-,-,-,-,-,57,Europa,22, Wunstorf,,52.45,9.43,Agosto,Alemania,2013
-,68,-,o,1012.9,-,25.9,32.5,o,19.7,13.9,40.7,35.2,15.8,57,Europa,19, Wunstorf,,52.45,9.43,Junio,Alemania,2013
-,87,-,o,-,-,13.3,16,-,11,16.7,-,25.9,9.2,57,Europa,20, Wunstorf,,52.45,9.43,Septiembre,Alemania,2013
-,78,0,-,-,-,13.8,16,-,12,9.8,-,14.8,10,57,Europa,21, Wunstorf,,52.45,9.43,Septiembre,Alemania,2013
-,10,0,-,999.7,-,35.4,43,-,25,10.6,25.9,18.3,9.8,1010,Asia,3, KANDAHAR AIRPORT,,31.5,65.85,Junio,Afganistán,2018
-,10,0,-,992.7,-,32.1,39,-,24,9.6,29.4,27.8,6.8,1010,Asia,4, KANDAHAR AIRPORT,,31.5,65.85,Julio,Afganistán,2018
-,11,0,-,997.7,-,32.5,41.1,-,25,9.6,29.4,22.2,9.7,1010,Asia,3, KANDAHAR AIRPORT,,31.5,65.85,Agosto,Afganistán,2018
-,12,0,-,1007.8,-,25.9,32,-,18,7.6,31.7,13,9.5,1010,Asia,4, KANDAHAR AIRPORT,,31.5,65.85,Mayo,Afganistán,2018
-,14,0,-,1004.7,-,29,35,-,20,8.9,42.4,20.6,10,1010,Asia,5, KANDAHAR AIRPORT,,31.5,65.85,Mayo,Afganistán,2018
-,24,0,-,1011.8,-,12.9,22.2,-,5.4,5.9,-,13,9.8,1010,Asia,7, KANDAHAR AIRPORT,,31.5,65.85,Diciembre,Afganistán,2018
-,31,0,-,1012.7,-,13.7,21.5,-,7.9,3.1,-,9.4,9.8,1010,Asia,8, KANDAHAR AIRPORT,,31.5,65.85,Diciembre,Afganistán,2018
-,15,-,-,1010.2,o,21.4,29,-,11.6,3.9,24.1,14.8,10,1010,Asia,4, KANDAHAR AIRPORT,,31.5,65.85,Octubre,Afganistán,2018
-,13,-,-,1011.3,o,22.5,30,-,12.1,4.8,35.2,14.8,10,1010,Asia,5, KANDAHAR AIRPORT,,31.5,65.85,Octubre,Afganistán,2018
-,18,0,o,1021.2,-,10.3,17.1,-,0.6,1.3,-,9.4,6,1010,Asia,5, KANDAHAR AIRPORT,,31.5,65.85,Noviembre,Afganistán,2018
-,15,0,-,1019.5,-,12.9,21.7,-,3,2.6,-,13,9,1010,Asia,6, KANDAHAR AIRPORT,,31.5,65.85,Noviembre,Afganistán,2018
-,9,0,-,1005.2,-,25.1,32.3,-,16,4.4,27.8,16.5,9.7,1010,Asia,5, KANDAHAR AIRPORT,,31.5,65.85,Septiembre,Afganistán,2018
-,80,0,-,-,-,11.2,17,-,5,15.6,-,25.9,10,57,Europa,19, Wunstorf,,52.45,9.43,Octubre,Alemania,2013
-,83,0,-,-,-,15.8,18,-,14,13.1,-,20.6,10,57,Europa,20, Wunstorf,,52.45,9.43,Octubre,Alemania,2013
-,91,0,-,-,-,2.7,6,-,-1,8.1,-,13,9.7,57,Europa,20, Wunstorf,,52.45,9.43,Noviembre,Alemania,2013
o,94,0,-,-,-,0.3,2,-,-2,9.1,-,13,7.6,57,Europa,21, Wunstorf,,52.45,9.43,Noviembre,Alemania,2013
-,-,-,-,-,-,-,-,-,-,-,-,-,-,57,Europa,19, Wunstorf,,52.45,9.43,Mayo,Alemania,2013
-,59,-,o,1022.1,-,20.4,27,-,14.8,8.1,-,22.2,18.8,57,Europa,20, Wunstorf,,52.45,9.43,Julio,Alemania,2013
-,66,0,-,-,-,6.2,8,-,2,14.1,-,22.2,9.8,8,Europa,31, Wittmundhaven,,53.55,7.66,Marzo,Alemania,2019
-,-,-,-,-,-,-,-,-,-,-,-,-,-,57,Europa,24, Wunstorf,,52.45,9.43,Diciembre,Alemania,2013
-,92,0,-,-,-,-0.4,1,-,-1,11.3,-,20.6,6.1,8,Europa,31, Wittmundhaven,,53.55,7.66,Enero,Alemania,2019
-,-,-,o,-,-,-,-,-,-,-,-,-,-,57,Europa,23, Wunstorf,,52.45,9.43,Agosto,Alemania,2013
-,-,-,-,-,-,-,-,-,-,-,-,-,-,57,Europa,24, Wunstorf,,52.45,9.43,Agosto,Alemania,2013
-,76,-,o,1011.7,-,22,29,o,17.9,9.4,61.1,31.3,22.4,57,Europa,20, Wunstorf,,52.45,9.43,Junio,Alemania,2013
-,77,-,o,1010.8,-,19.1,22.6,-,16,18.3,51.9,33.5,20.6,57,Europa,21, Wunstorf,,52.45,9.43,Junio,Alemania,2013
-,-,-,-,-,-,-,-,-,-,-,-,-,-,57,Europa,22, Wunstorf,,52.45,9.43,Septiembre,Alemania,2013
-,12,0,-,999.6,-,34.3,42,-,25,11.9,40.7,31.7,9.2,1010,Asia,4, KANDAHAR AIRPORT,,31.5,65.85,Junio,Afganistán,2018
-,9,0,-,995.8,-,32.8,38,-,25,8.7,33.5,20.6,7.4,1010,Asia,5, KANDAHAR AIRPORT,,31.5,65.85,Julio,Afganistán,2018
-,9,0,-,997.5,-,32.4,39.4,-,23.1,8.5,35.2,18.3,9.3,1010,Asia,6, KANDAHAR AIRPORT,,31.5,65.85,Julio,Afganistán,2018
-,-,-,o,-,o,-,-,-,-,-,-,-,-,1010,Asia,4, KANDAHAR AIRPORT,,31.5,65.85,Agosto,Afganistán,2018
-,-,-,-,-,-,-,-,-,-,-,-,-,-,1010,Asia,5, KANDAHAR AIRPORT,,31.5,65.85,Agosto,Afganistán,2018
-,17,0,-,1005.7,-,26.9,33,-,20,15.6,50,38.9,8.2,1010,Asia,6, KANDAHAR AIRPORT,,31.5,65.85,Mayo,Afganistán,2018
-,53,0,o,1012.6,-,11.6,19.1,-,5.3,4.4,29.4,20.6,10,1010,Asia,9, KANDAHAR AIRPORT,,31.5,65.85,Diciembre,Afganistán,2018
-,-,-,-,-,-,-,-,-,-,-,-,-,-,1010,Asia,10, KANDAHAR AIRPORT,,31.5,65.85,Diciembre,Afganistán,2018
-,13,0,-,1012.5,-,22.1,31,-,11.1,4.8,-,13,10,1010,Asia,6, KANDAHAR AIRPORT,,31.5,65.85,Octubre,Afganistán,2018
-,18,0,-,1012.2,-,22.9,31,-,12.7,11.1,37,27.8,6.9,1010,Asia,7, KANDAHAR AIRPORT,,31.5,65.85,Octubre,Afganistán,2018
-,11,0,o,1017.6,o,15.1,24.7,-,4.8,2.2,-,9.4,9.7,1010,Asia,7, KANDAHAR AIRPORT,,31.5,65.85,Noviembre,Afganistán,2018
-,9,0,-,1004.9,-,25.4,33,-,14.5,5,-,10.7,9.8,1010,Asia,6, KANDAHAR AIRPORT,,31.5,65.85,Septiembre,Afganistán,2018
-,9,0,-,1005.5,-,26.6,35,-,17,7.6,-,18.3,10,1010,Asia,7, KANDAHAR AIRPORT,,31.5,65.85,Septiembre,Afganistán,2018
-,82,0,-,-,-,14.2,17,-,12,14.3,-,20.6,10,57,Europa,21, Wunstorf,,52.45,9.43,Octubre,Alemania,2013
-,-,-,o,-,-,-,-,-,-,-,-,-,-,57,Europa,22, Wunstorf,,52.45,9.43,Octubre,Alemania,2013
-,-,-,o,-,o,-,-,-,-,-,-,-,-,57,Europa,22, Wunstorf,,52.45,9.43,Noviembre,Alemania,2013
-,-,-,o,-,-,-,-,-,-,-,-,-,-,57,Europa,23, Wunstorf,,52.45,9.43,Noviembre,Alemania,2013
-,95,-,o,-,-,11.7,12,-,11,12,-,21.7,4.5,57,Europa,20, Wunstorf,,52.45,9.43,Mayo,Alemania,2013
-,83,-,o,1008.9,-,13.1,16,-,10,9.3,-,18.3,16.6,57,Europa,21, Wunstorf,,52.45,9.43,Mayo,Alemania,2013
-,46,0,-,1021.3,-,22.4,30,-,13,8.1,-,14.4,28.8,57,Europa,21, Wunstorf,,52.45,9.43,Julio,Alemania,2013
-,-,-,-,-,-,-,-,-,-,-,-,-,-,57,Europa,22, Wunstorf,,52.45,9.43,Julio,Alemania,2013
-,83,0,-,-,-,8.4,12,-,3,15.2,-,35.2,9.2,57,Europa,25, Wunstorf,,52.45,9.43,Diciembre,Alemania,2013
-,53,0,-,-,-,19.1,25,-,14,18.5,-,27.8,10,57,Europa,25, Wunstorf,,52.45,9.43,Agosto,Alemania,2013
-,-,-,o,-,-,-,-,-,-,-,-,-,-,57,Europa,22, Wunstorf,,52.45,9.43,Junio,Alemania,2013
-,-,-,-,-,-,-,-,-,-,-,-,-,-,57,Europa,23, Wunstorf,,52.45,9.43,Septiembre,Alemania,2013
-,8,0,-,1001.7,-,36.5,42,-,27,8,33.5,20.6,9.8,1010,Asia,5, KANDAHAR AIRPORT,,31.5,65.85,Junio,Afganistán,2018
-,8,0,o,995.8,o,33.2,41.2,-,22.7,7.2,27.8,18.3,10.3,1010,Asia,7, KANDAHAR AIRPORT,,31.5,65.85,Julio,Afganistán,2018
-,7,0,-,994.7,-,34.2,42.1,-,22,5.9,24.1,18.3,10,1010,Asia,8, KANDAHAR AIRPORT,,31.5,65.85,Julio,Afganistán,2018
-,-,-,-,-,-,-,-,-,-,-,-,-,-,1010,Asia,6, KANDAHAR AIRPORT,,31.5,65.85,Agosto,Afganistán,2018
-,15,0,-,1004.4,-,25.4,32,-,18,16.1,53.5,42.4,7.7,1010,Asia,7, KANDAHAR AIRPORT,,31.5,65.85,Mayo,Afganistán,2018
o,-,-,-,-,-,-,-,-,-,-,-,-,-,1010,Asia,11, KANDAHAR AIRPORT,,31.5,65.85,Diciembre,Afganistán,2018
-,31,0,o,1014.5,-,17.9,23,-,13,12.4,37,27.8,1.8,1010,Asia,8, KANDAHAR AIRPORT,,31.5,65.85,Octubre,Afganistán,2018
-,12,0,o,1016.3,o,15.5,24.6,-,5.3,4.4,24.1,18.3,9.7,1010,Asia,8, KANDAHAR AIRPORT,,31.5,65.85,Noviembre,Afganistán,2018
-,7,0,-,1004.7,-,29.1,37,-,16.3,7.8,25.9,22.2,10,1010,Asia,8, KANDAHAR AIRPORT,,31.5,65.85,Septiembre,Afganistán,2018
-,-,-,-,-,-,-,-,-,-,-,-,-,-,57,Europa,23, Wunstorf,,52.45,9.43,Octubre,Alemania,2013
-,-,-,-,-,-,-,-,-,-,-,-,-,-,57,Europa,24, Wunstorf,,52.45,9.43,Octubre,Alemania,2013
-,-,-,o,-,-,-,-,-,-,-,-,-,-,57,Europa,24, Wunstorf,,52.45,9.43,Noviembre,Alemania,2013
-,79,-,o,1008.1,-,8.6,10,-,5,26.5,53.9,37,14.2,57,Europa,22, Wunstorf,,52.45,9.43,Mayo,Alemania,2013
-,-,-,-,-,-,-,-,-,-,-,-,-,-,57,Europa,23, Wunstorf,,52.45,9.43,Julio,Alemania,2013
o,97,-,o,-,-,3.6,5,-,1,6.3,-,14.8,3.4,57,Europa,26, Wunstorf,,52.45,9.43,Diciembre,Alemania,2013
-,53,0,-,-,-,17.7,23,-,12,14.4,-,25.9,10,57,Europa,26, Wunstorf,,52.45,9.43,Agosto,Alemania,2013
-,-,-,o,-,-,-,-,-,-,-,-,-,-,57,Europa,23, Wunstorf,,52.45,9.43,Junio,Alemania,2013
o,-,-,o,-,-,-,-,-,-,-,-,-,-,57,Europa,24, Wunstorf,,52.45,9.43,Septiembre,Alemania,2013
-,7,0,-,1001.8,-,33.9,42,-,24,8.1,20.6,16.5,10,1010,Asia,6, KANDAHAR AIRPORT,,31.5,65.85,Junio,Afganistán,2018
-,7,0,-,995.3,-,34.7,43.1,-,22.9,5.2,31.7,16.5,9.8,1010,Asia,9, KANDAHAR AIRPORT,,31.5,65.85,Julio,Afganistán,2018
-,9,0,-,993.2,o,34.4,42.8,-,24.2,6.5,27.8,20.6,9.7,1010,Asia,7, KANDAHAR AIRPORT,,31.5,65.85,Agosto,Afganistán,2018
-,14,0,-,1005,-,25.6,32,-,18,8.9,40.7,25.9,10,1010,Asia,8, KANDAHAR AIRPORT,,31.5,65.85,Mayo,Afganistán,2018
-,-,-,-,-,-,-,-,-,-,-,-,-,-,1010,Asia,12, KANDAHAR AIRPORT,,31.5,65.85,Diciembre,Afganistán,2018
-,24,0,-,1015,-,16.4,23,-,11,3.9,22.2,13,3.7,1010,Asia,9, KANDAHAR AIRPORT,,31.5,65.85,Octubre,Afganistán,2018
-,13,0,-,1014.7,-,16.4,24,-,7.9,4.6,24.1,18.3,8.5,1010,Asia,10, KANDAHAR AIRPORT,,31.5,65.85,Octubre,Afganistán,2018
-,18,0,-,1014.8,-,16.1,24.2,-,7.6,1.9,27.8,9.4,9.7,1010,Asia,9, KANDAHAR AIRPORT,,31.5,65.85,Noviembre,Afganistán,2018
-,8,0,-,1004.6,-,29.3,38,-,19,8.7,35.2,29.4,10,1010,Asia,9, KANDAHAR AIRPORT,,31.5,65.85,Septiembre,Afganistán,2018
-,86,-,o,-,-,12.2,16,-,6,14.8,-,20.6,10,57,Europa,25, Wunstorf,,52.45,9.43,Octubre,Alemania,2013
-,-,0,-,-,-,0,4,-,-3,9.4,-,14.8,10,57,Europa,25, Wunstorf,,52.45,9.43,Noviembre,Alemania,2013
-,-,-,o,-,-,-,-,-,-,-,-,-,-,57,Europa,23, Wunstorf,,52.45,9.43,Mayo,Alemania,2013
-,-,-,o,-,-,-,-,o,-,-,-,-,-,57,Europa,24, Wunstorf,,52.45,9.43,Julio,Alemania,2013
-,73,0,-,-,-,6.6,9,-,2,23.9,55.4,33.5,10,57,Europa,27, Wunstorf,,52.45,9.43,Diciembre,Alemania,2013
-,64,0,-,-,-,16,21,-,9,10.2,-,25.9,10,57,Europa,27, Wunstorf,,52.45,9.43,Agosto,Alemania,2013
-,-,-,o,-,-,-,-,-,-,-,-,-,-,57,Europa,24, Wunstorf,,52.45,9.43,Junio,Alemania,2013
-,91,-,o,-,-,13.1,14,-,12,10,-,20.6,10,57,Europa,25, Wunstorf,,52.45,9.43,Septiembre,Alemania,2013
-,7,0,-,997.2,-,34.4,42,-,25,7.6,-,24.1,9.7,1010,Asia,7, KANDAHAR AIRPORT,,31.5,65.85,Junio,Afganistán,2018
-,7,0,o,993,o,35.3,44,-,23.5,5.9,29.4,14.8,10,1010,Asia,10, KANDAHAR AIRPORT,,31.5,65.85,Julio,Afganistán,2018
-,10,0,-,995.3,-,35.1,41,-,28,8.1,31.7,18.3,8.2,1010,Asia,8, KANDAHAR AIRPORT,,31.5,65.85,Agosto,Afganistán,2018
-,11,0,-,1006.5,-,27.4,34,-,19,7.4,27.8,14.8,10,1010,Asia,9, KANDAHAR AIRPORT,,31.5,65.85,Mayo,Afganistán,2018
-,36,0,o,1023.2,-,7.9,16.1,-,0,2.4,-,9.4,10,1010,Asia,13, KANDAHAR AIRPORT,,31.5,65.85,Diciembre,Afganistán,2018
-,33,0,-,1024.4,-,8.3,17.3,-,1.4,3,-,7.6,10,1010,Asia,14, KANDAHAR AIRPORT,,31.5,65.85,Diciembre,Afganistán,2018
-,12,-,-,1014.7,o,17,25,-,6.9,3.9,22.2,9.4,10,1010,Asia,11, KANDAHAR AIRPORT,,31.5,65.85,Octubre,Afganistán,2018
-,22,0,o,1015.2,-,17.9,24.1,-,6.8,3.1,-,11.1,10,1010,Asia,10, KANDAHAR AIRPORT,,31.5,65.85,Noviembre,Afganistán,2018
-,7,0,-,1005.7,-,29.4,39,-,18.3,6.5,29.4,22.2,9.8,1010,Asia,10, KANDAHAR AIRPORT,,31.5,65.85,Septiembre,Afganistán,2018
-,7,0,-,1005.5,-,29.4,39,-,17.9,1.7,-,9.4,9.8,1010,Asia,11, KANDAHAR AIRPORT,,31.5,65.85,Septiembre,Afganistán,2018
-,84,-,o,-,-,15.4,19,-,13,14.4,-,27.8,10,57,Europa,26, Wunstorf,,52.45,9.43,Octubre,Alemania,2013
-,89,0,-,-,-,-0.8,3,-,-4,6.3,-,11.1,10,57,Europa,26, Wunstorf,,52.45,9.43,Noviembre,Alemania,2013
-,-,-,o,-,-,-,-,-,-,-,-,-,-,57,Europa,24, Wunstorf,,52.45,9.43,Mayo,Alemania,2013
-,71,-,o,1015.3,-,22.3,29,o,17,7.8,51.9,29.4,10.6,57,Europa,25, Wunstorf,,52.45,9.43,Julio,Alemania,2013
-,81,-,o,1014.3,-,22.1,28,o,17,7.6,-,14.4,12.6,57,Europa,26, Wunstorf,,52.45,9.43,Julio,Alemania,2013
-,-,-,-,-,-,-,-,-,-,-,-,-,-,57,Europa,28, Wunstorf,,52.45,9.43,Diciembre,Alemania,2013
-,-,-,-,-,-,-,-,-,-,-,-,-,-,57,Europa,28, Wunstorf,,52.45,9.43,Agosto,Alemania,2013
-,74,0,-,1024.2,-,13.3,15.7,-,11,19.1,-,27.8,20.3,57,Europa,25, Wunstorf,,52.45,9.43,Junio,Alemania,2013
-,85,-,o,-,-,10.8,14,-,4,10.2,-,20.6,9,57,Europa,26, Wunstorf,,52.45,9.43,Septiembre,Alemania,2013
o,77,0,-,-,-,7.9,15,-,1,2,-,7.6,7.9,57,Europa,27, Wunstorf,,52.45,9.43,Septiembre,Alemania,2013
-,10,0,-,994.2,-,34.3,41,-,27,15.2,42.4,31.7,8,1010,Asia,8, KANDAHAR AIRPORT,,31.5,65.85,Junio,Afganistán,2018
-,7,0,-,989,-,35.7,43,-,25.2,7,29.4,16.5,9.8,1010,Asia,11, KANDAHAR AIRPORT,,31.5,65.85,Julio,Afganistán,2018
-,13,0,-,998.7,-,33.8,40,-,27.3,9.3,29.4,22.2,8.4,1010,Asia,9, KANDAHAR AIRPORT,,31.5,65.85,Agosto,Afganistán,2018
-,-,-,-,-,-,-,-,-,-,-,-,-,-,1010,Asia,10, KANDAHAR AIRPORT,,31.5,65.85,Agosto,Afganistán,2018
-,12,-,o,1005.9,-,31.9,38,-,20,8,31.7,24.1,8.4,1010,Asia,10, KANDAHAR AIRPORT,,31.5,65.85,Mayo,Afganistán,2018
-,30,0,-,1024.3,-,8.6,17.8,-,0.8,2.8,-,11.1,10,1010,Asia,15, KANDAHAR AIRPORT,,31.5,65.85,Diciembre,Afganistán,2018
-,-,-,-,-,-,-,-,-,-,-,-,-,-,1010,Asia,16, KANDAHAR AIRPORT,,31.5,65.85,Diciembre,Afganistán,2018
-,12,0,-,1015.3,-,17.9,26,-,7.2,3.1,20.6,9.4,10,1010,Asia,12, KANDAHAR AIRPORT,,31.5,65.85,Octubre,Afganistán,2018
-,36,0,-,1015.3,-,18.8,24,-,12.8,4.8,31.7,24.1,10,1010,Asia,11, KANDAHAR AIRPORT,,31.5,65.85,Noviembre,Afganistán,2018
-,7,0,-,1002.4,-,29.9,39,-,19.3,3.3,27.8,18.3,9.8,1010,Asia,12, KANDAHAR AIRPORT,,31.5,65.85,Septiembre,Afganistán,2018
-,7,-,-,1001.3,o,31.4,38,-,20,5.6,29.4,18.3,8.7,1010,Asia,13, KANDAHAR AIRPORT,,31.5,65.85,Septiembre,Afganistán,2018
-,75,-,o,-,-,14.6,18,-,13,24.3,68.3,38.9,10,57,Europa,27, Wunstorf,,52.45,9.43,Octubre,Alemania,2013
-,-,-,o,-,-,-,-,-,-,-,-,-,-,57,Europa,28, Wunstorf,,52.45,9.43,Octubre,Alemania,2013
-,95,-,o,-,-,3.9,5,-,1,17.6,-,22.2,3.4,57,Europa,27, Wunstorf,,52.45,9.43,Noviembre,Alemania,2013
-,-,-,o,-,-,-,-,-,-,-,-,-,-,57,Europa,25, Wunstorf,,52.45,9.43,Mayo,Alemania,2013
o,80,-,o,1009,-,22.9,30,o,17,5.4,-,14.4,14.8,57,Europa,27, Wunstorf,,52.45,9.43,Julio,Alemania,2013
-,-,-,o,-,-,-,-,o,-,-,-,-,-,57,Europa,28, Wunstorf,,52.45,9.43,Julio,Alemania,2013
-,-,-,-,-,-,-,-,-,-,-,-,-,-,57,Europa,29, Wunstorf,,52.45,9.43,Diciembre,Alemania,2013
o,-,-,-,-,-,-,-,-,-,-,-,-,-,57,Europa,29, Wunstorf,,52.45,9.43,Agosto,Alemania,2013
-,-,-,-,-,-,-,-,-,-,-,-,-,-,57,Europa,30, Wunstorf,,52.45,9.43,Agosto,Alemania,2013
-,63,0,-,1024.8,-,13,16.1,-,10,21.9,-,32.4,24.1,57,Europa,26, Wunstorf,,52.45,9.43,Junio,Alemania,2013
-,-,-,-,-,-,-,-,-,-,-,-,-,-,57,Europa,28, Wunstorf,,52.45,9.43,Septiembre,Alemania,2013
-,12,0,-,993.4,-,31.4,38,-,26,13,37,27.8,8.4,1010,Asia,9, KANDAHAR AIRPORT,,31.5,65.85,Junio,Afganistán,2018
-,11,0,-,996.2,-,30.9,37,-,24,12.2,38.9,24.1,8,1010,Asia,10, KANDAHAR AIRPORT,,31.5,65.85,Junio,Afganistán,2018
-,9,0,-,988.9,-,35.1,42,-,24.6,7.6,25.9,16.5,9.2,1010,Asia,12, KANDAHAR AIRPORT,,31.5,65.85,Julio,Afganistán,2018
-,10,0,-,992.3,-,35.4,42,-,29,8.3,29.4,18.3,7.9,1010,Asia,13, KANDAHAR AIRPORT,,31.5,65.85,Julio,Afganistán,2018
-,-,-,-,-,-,-,-,-,-,-,-,-,-,1010,Asia,11, KANDAHAR AIRPORT,,31.5,65.85,Agosto,Afganistán,2018
-,19,0.51,o,1003.9,-,29.7,35,o,22,12.4,-,40.7,4.8,1010,Asia,11, KANDAHAR AIRPORT,,31.5,65.85,Mayo,Afganistán,2018
-,22,0,o,1005.1,-,27.7,34,-,22,10.9,31.7,22.2,7.6,1010,Asia,12, KANDAHAR AIRPORT,,31.5,65.85,Mayo,Afganistán,2018
-,-,-,-,-,o,-,-,-,-,-,-,-,-,1010,Asia,17, KANDAHAR AIRPORT,,31.5,65.85,Diciembre,Afganistán,2018
-,-,-,o,-,o,-,-,-,-,-,-,-,-,1010,Asia,18, KANDAHAR AIRPORT,,31.5,65.85,Diciembre,Afganistán,2018
-,12,0,-,1015,-,19.2,27,-,7.6,4.6,22.2,13,10,1010,Asia,13, KANDAHAR AIRPORT,,31.5,65.85,Octubre,Afganistán,2018
-,23,0,-,1015.2,-,18,25,-,11,6.1,29.4,16.5,10,1010,Asia,14, KANDAHAR AIRPORT,,31.5,65.85,Octubre,Afganistán,2018
-,35,0,o,1013.8,-,17.3,23.7,-,10,5.2,37,24.1,10,1010,Asia,12, KANDAHAR AIRPORT,,31.5,65.85,Noviembre,Afganistán,2018
-,10,0,-,1002.8,-,28.5,37,-,21,5.7,31.7,20.6,7.2,1010,Asia,14, KANDAHAR AIRPORT,,31.5,65.85,Septiembre,Afganistán,2018
-,12,0,-,1006.4,-,26.3,31,-,19.5,10.6,27.8,20.6,4.3,1010,Asia,15, KANDAHAR AIRPORT,,31.5,65.85,Septiembre,Afganistán,2018
-,-,-,o,-,-,-,-,-,-,-,-,-,-,57,Europa,29, Wunstorf,,52.45,9.43,Octubre,Alemania,2013
-,-,-,o,-,-,-,-,-,-,-,-,-,-,57,Europa,28, Wunstorf,,52.45,9.43,Noviembre,Alemania,2013
-,-,-,o,-,-,-,-,-,-,-,-,-,-,57,Europa,29, Wunstorf,,52.45,9.43,Noviembre,Alemania,2013
-,96,-,o,1005.5,-,9.9,12,-,8,23.3,-,31.3,4.8,57,Europa,26, Wunstorf,,52.45,9.43,Mayo,Alemania,2013
-,97,-,o,1008.2,-,9.6,11,-,8.6,11.1,-,25.2,5.8,57,Europa,27, Wunstorf,,52.45,9.43,Mayo,Alemania,2013
o,-,-,o,-,-,-,-,o,-,-,-,-,-,57,Europa,29, Wunstorf,,52.45,9.43,Julio,Alemania,2013
-,-,-,-,-,-,-,-,-,-,-,-,-,-,57,Europa,30, Wunstorf,,52.45,9.43,Diciembre,Alemania,2013
-,72,0,-,-,-,4.1,8,-,2,14.4,-,18.3,10,57,Europa,31, Wunstorf,,52.45,9.43,Diciembre,Alemania,2013
-,78,-,o,-,-,15.8,19,-,11,12.2,-,18.3,9.5,57,Europa,31, Wunstorf,,52.45,9.43,Agosto,Alemania,2013
-,69,-,o,1021.6,-,13.4,17,-,10,13.1,-,18.3,18.2,57,Europa,27, Wunstorf,,52.45,9.43,Junio,Alemania,2013
-,-,-,-,-,-,-,-,-,-,-,-,-,-,57,Europa,29, Wunstorf,,52.45,9.43,Septiembre,Alemania,2013
-,12,0,-,996.2,-,31.3,39,-,24,11.5,48.2,33.5,9.7,1010,Asia,11, KANDAHAR AIRPORT,,31.5,65.85,Junio,Afganistán,2018
-,10,0,-,993.7,-,35.4,42,-,27.7,7.8,25.9,16.5,9.3,1010,Asia,14, KANDAHAR AIRPORT,,31.5,65.85,Julio,Afganistán,2018
-,-,-,-,-,-,-,-,-,-,-,-,-,-,1010,Asia,12, KANDAHAR AIRPORT,,31.5,65.85,Agosto,Afganistán,2018
-,18,0.25,o,1006.7,o,27.8,34,-,20,16.3,50,33.5,7.2,1010,Asia,13, KANDAHAR AIRPORT,,31.5,65.85,Mayo,Afganistán,2018
-,20,0,-,1021.4,-,8.6,17.2,-,-0.4,3.1,-,16.5,10,1010,Asia,19, KANDAHAR AIRPORT,,31.5,65.85,Diciembre,Afganistán,2018
-,22,0,-,1014.8,-,18.6,25,-,10,8,35.2,24.1,10,1010,Asia,15, KANDAHAR AIRPORT,,31.5,65.85,Octubre,Afganistán,2018
-,29,0,-,1012.9,-,14.9,21.6,-,9.4,6.5,29.4,22.2,10,1010,Asia,13, KANDAHAR AIRPORT,,31.5,65.85,Noviembre,Afganistán,2018
-,11,0,-,1005.9,-,25,33,-,17,3.5,22.2,11.1,8.7,1010,Asia,16, KANDAHAR AIRPORT,,31.5,65.85,Septiembre,Afganistán,2018
-,-,-,-,-,-,-,-,-,-,-,-,-,-,57,Europa,30, Wunstorf,,52.45,9.43,Octubre,Alemania,2013
-,75,0,-,-,-,7.3,13,-,3,15,-,22.2,10,57,Europa,31, Wunstorf,,52.45,9.43,Octubre,Alemania,2013
-,-,-,o,-,-,-,-,-,-,-,-,-,-,57,Europa,30, Wunstorf,,52.45,9.43,Noviembre,Alemania,2013
-,74,-,o,1003.7,-,14.1,20,-,9.6,5.9,-,14.4,13.7,57,Europa,28, Wunstorf,,52.45,9.43,Mayo,Alemania,2013
-,-,-,o,-,-,-,-,-,-,-,-,-,-,57,Europa,30, Wunstorf,,52.45,9.43,Julio,Alemania,2013
-,-,-,o,-,-,-,-,-,-,-,-,-,-,57,Europa,28, Wunstorf,,52.45,9.43,Junio,Alemania,2013
-,-,-,o,-,-,-,-,-,-,-,-,-,-,57,Europa,29, Wunstorf,,52.45,9.43,Junio,Alemania,2013
-,-,-,-,-,-,-,-,-,-,-,-,-,-,57,Europa,30, Wunstorf,,52.45,9.43,Septiembre,Alemania,2013
-,10,0,-,994.2,-,32.7,40,-,24,8.7,50,25.9,10,1010,Asia,12, KANDAHAR AIRPORT,,31.5,65.85,Junio,Afganistán,2018
-,9,0,-,993,-,35.6,41,-,28,5,31.7,13,9.3,1010,Asia,15, KANDAHAR AIRPORT,,31.5,65.85,Julio,Afganistán,2018
-,15,0,-,993.7,-,32.1,38,-,28,7.4,31.7,16.5,2.1,1010,Asia,13, KANDAHAR AIRPORT,,31.5,65.85,Agosto,Afganistán,2018
-,30,0.76,o,1005.7,-,26.4,31,o,19,12.4,38.9,27.8,6.9,1010,Asia,14, KANDAHAR AIRPORT,,31.5,65.85,Mayo,Afganistán,2018
-,33,0,-,1023.2,-,7.2,15.5,-,-0.4,1.9,-,7.2,9.8,1010,Asia,20, KANDAHAR AIRPORT,,31.5,65.85,Diciembre,Afganistán,2018
-,22,0,-,1015.3,-,18.2,26,-,12,10.2,53.5,37,8.4,1010,Asia,16, KANDAHAR AIRPORT,,31.5,65.85,Octubre,Afganistán,2018
-,32,0,-,1017.3,-,12.2,18.8,-,5.9,5,29.4,16.5,10,1010,Asia,14, KANDAHAR AIRPORT,,31.5,65.85,Noviembre,Afganistán,2018
-,-,-,-,-,-,-,-,-,-,-,-,-,-,1010,Asia,17, KANDAHAR AIRPORT,,31.5,65.85,Septiembre,Afganistán,2018
-,-,-,o,-,-,-,-,-,-,-,-,-,-,57,Europa,29, Wunstorf,,52.45,9.43,Mayo,Alemania,2013
-,72,-,o,1016,-,19.9,23.1,-,17,17.8,-,27.8,18.8,57,Europa,31, Wunstorf,,52.45,9.43,Julio,Alemania,2013
-,-,-,-,-,-,-,-,-,-,-,-,-,-,57,Europa,30, Wunstorf,,52.45,9.43,Junio,Alemania,2013
-,10,0,-,993.4,-,33.4,42,-,24,9.1,42.4,29.4,10,1010,Asia,13, KANDAHAR AIRPORT,,31.5,65.85,Junio,Afganistán,2018
-,11,0,-,990.2,-,36.1,44,-,25.4,10.2,38.9,18.3,9,1010,Asia,16, KANDAHAR AIRPORT,,31.5,65.85,Julio,Afganistán,2018
-,10,0,-,995.5,-,32.5,39,-,27,11.5,42.4,27.8,5.6,1010,Asia,14, KANDAHAR AIRPORT,,31.5,65.85,Agosto,Afganistán,2018
-,25,0,-,1003.9,-,27.4,32,-,22,11.3,37,27.8,6.8,1010,Asia,15, KANDAHAR AIRPORT,,31.5,65.85,Mayo,Afganistán,2018
-,30,0,-,1019.2,-,7.3,16.2,-,0.3,5,-,16.5,10,1010,Asia,21, KANDAHAR AIRPORT,,31.5,65.85,Diciembre,Afganistán,2018
-,23,0,-,1015.3,-,17.3,24,-,10,5.9,24.1,16.5,10,1010,Asia,17, KANDAHAR AIRPORT,,31.5,65.85,Octubre,Afganistán,2018
-,26,0,-,1020.9,-,13.2,19.6,-,3,1.3,-,7.6,10,1010,Asia,15, KANDAHAR AIRPORT,,31.5,65.85,Noviembre,Afganistán,2018
-,9,0,-,1006.2,-,24.8,34,-,17,6.1,-,22.2,9.7,1010,Asia,18, KANDAHAR AIRPORT,,31.5,65.85,Septiembre,Afganistán,2018
-,-,-,o,-,-,-,-,-,-,-,-,-,-,57,Europa,30, Wunstorf,,52.45,9.43,Mayo,Alemania,2013
-,10,0,-,994.3,-,33.7,42,-,24,15.2,48.2,33.5,9.7,1010,Asia,14, KANDAHAR AIRPORT,,31.5,65.85,Junio,Afganistán,2018
-,13,0,-,992.2,-,35.8,42,-,27.8,9.1,35.2,20.6,5.1,1010,Asia,17, KANDAHAR AIRPORT,,31.5,65.85,Julio,Afganistán,2018
-,10,0,-,996.1,-,32.6,40,-,26,4.4,31.7,13,9.3,1010,Asia,15, KANDAHAR AIRPORT,,31.5,65.85,Agosto,Afganistán,2018
-,17,-,o,1003.6,o,28.1,33,-,21,9.6,38.9,29.4,8.7,1010,Asia,16, KANDAHAR AIRPORT,,31.5,65.85,Mayo,Afganistán,2018
-,-,-,-,-,-,-,-,-,-,-,-,-,-,1010,Asia,22, KANDAHAR AIRPORT,,31.5,65.85,Diciembre,Afganistán,2018
-,21,0,-,1015.7,-,16.3,23,-,9,5.2,24.1,18.3,10,1010,Asia,18, KANDAHAR AIRPORT,,31.5,65.85,Octubre,Afganistán,2018
-,23,0,-,1019.6,-,16.3,22.8,-,7.1,8.9,25.9,20.6,10,1010,Asia,16, KANDAHAR AIRPORT,,31.5,65.85,Noviembre,Afganistán,2018
-,8,-,o,1006.4,o,25.9,35,-,14.4,5.2,24.1,18.3,10,1010,Asia,19, KANDAHAR AIRPORT,,31.5,65.85,Septiembre,Afganistán,2018
-,-,-,o,-,-,-,-,-,-,-,-,-,-,57,Europa,31, Wunstorf,,52.45,9.43,Mayo,Alemania,2013
-,11,0,-,992.4,-,31.1,38,-,23,19.3,57.6,37,7.9,1010,Asia,15, KANDAHAR AIRPORT,,31.5,65.85,Junio,Afganistán,2018
-,10,0,-,994.2,-,36.2,42,-,29,10.6,37,22.2,6.4,1010,Asia,18, KANDAHAR AIRPORT,,31.5,65.85,Julio,Afganistán,2018
-,-,-,-,-,-,-,-,-,-,-,-,-,-,1010,Asia,16, KANDAHAR AIRPORT,,31.5,65.85,Agosto,Afganistán,2018
-,23,0,o,1005.7,-,24.8,30,-,17,10.9,57.6,38.9,9,1010,Asia,17, KANDAHAR AIRPORT,,31.5,65.85,Mayo,Afganistán,2018
-,-,-,-,-,-,-,-,-,-,-,-,-,-,1010,Asia,23, KANDAHAR AIRPORT,,31.5,65.85,Diciembre,Afganistán,2018
-,19,0,-,1017.1,-,16.8,24,-,9,7,31.7,22.2,10,1010,Asia,19, KANDAHAR AIRPORT,,31.5,65.85,Octubre,Afganistán,2018
-,-,-,-,-,-,-,-,-,-,-,-,-,-,1010,Asia,17, KANDAHAR AIRPORT,,31.5,65.85,Noviembre,Afganistán,2018
-,-,-,-,-,-,-,-,-,-,-,-,-,-,1010,Asia,18, KANDAHAR AIRPORT,,31.5,65.85,Noviembre,Afganistán,2018
-,-,-,-,-,-,-,-,-,-,-,-,-,-,1010,Asia,20, KANDAHAR AIRPORT,,31.5,65.85,Septiembre,Afganistán,2018
-,10,0,-,995.2,-,30.7,38,-,24,13,42.4,25.9,8.7,1010,Asia,16, KANDAHAR AIRPORT,,31.5,65.85,Junio,Afganistán,2018
-,11,0,-,994.3,-,35.4,42,-,28,10.2,31.7,22.2,6.1,1010,Asia,19, KANDAHAR AIRPORT,,31.5,65.85,Julio,Afganistán,2018
-,-,-,-,-,-,-,-,-,-,-,-,-,-,1010,Asia,17, KANDAHAR AIRPORT,,31.5,65.85,Agosto,Afganistán,2018
-,22,0,-,1007.4,-,23.1,29,-,16,15.9,46.5,29.4,8,1010,Asia,18, KANDAHAR AIRPORT,,31.5,65.85,Mayo,Afganistán,2018
-,-,-,-,-,o,-,-,-,-,-,-,-,-,1010,Asia,24, KANDAHAR AIRPORT,,31.5,65.85,Diciembre,Afganistán,2018
-,18,0,-,1019.2,-,15.7,23,-,8,4.4,27.8,13,10,1010,Asia,20, KANDAHAR AIRPORT,,31.5,65.85,Octubre,Afganistán,2018
-,-,-,-,-,-,-,-,-,-,-,-,-,-,1010,Asia,19, KANDAHAR AIRPORT,,31.5,65.85,Noviembre,Afganistán,2018
-,16,0,-,1008.7,-,25.9,33,-,17,8,-,18.3,4,1010,Asia,21, KANDAHAR AIRPORT,,31.5,65.85,Septiembre,Afganistán,2018
-,9,0,-,995.5,-,31.2,39,-,24,12.8,46.5,31.7,9.5,1010,Asia,17, KANDAHAR AIRPORT,,31.5,65.85,Junio,Afganistán,2018
-,9,0,-,992.9,-,35.6,41,-,26,7,25.9,14.8,9.2,1010,Asia,20, KANDAHAR AIRPORT,,31.5,65.85,Julio,Afganistán,2018
-,13,0,-,993,-,35.6,42.9,-,27.6,8,29.4,14.8,6.6,1010,Asia,21, KANDAHAR AIRPORT,,31.5,65.85,Julio,Afganistán,2018
-,-,-,-,-,-,-,-,-,-,-,-,-,-,1010,Asia,18, KANDAHAR AIRPORT,,31.5,65.85,Agosto,Afganistán,2018
-,10,0,-,995.6,-,32.9,41,-,25,5.2,29.4,14.8,9.8,1010,Asia,19, KANDAHAR AIRPORT,,31.5,65.85,Agosto,Afganistán,2018
-,18,0,-,1008.6,-,22.4,29,-,16,14.3,42.4,25.9,9.2,1010,Asia,19, KANDAHAR AIRPORT,,31.5,65.85,Mayo,Afganistán,2018
-,18,0,-,1010.1,-,22.4,28,-,16,8,24.1,14.8,9.5,1010,Asia,20, KANDAHAR AIRPORT,,31.5,65.85,Mayo,Afganistán,2018
-,37,0,o,1018.7,-,7.4,14.5,-,-0.9,3,27.8,16.5,9.8,1010,Asia,25, KANDAHAR AIRPORT,,31.5,65.85,Diciembre,Afganistán,2018
-,15,0,-,1018.8,-,17.1,25,-,7.2,3.5,-,13,10,1010,Asia,21, KANDAHAR AIRPORT,,31.5,65.85,Octubre,Afganistán,2018
-,-,-,-,-,-,-,-,-,-,-,-,-,-,1010,Asia,20, KANDAHAR AIRPORT,,31.5,65.85,Noviembre,Afganistán,2018
-,-,-,-,-,-,-,-,-,-,-,-,-,-,1010,Asia,21, KANDAHAR AIRPORT,,31.5,65.85,Noviembre,Afganistán,2018
-,16,0,-,1010.8,-,23.8,30,-,17,4.4,27.8,14.8,8.9,1010,Asia,22, KANDAHAR AIRPORT,,31.5,65.85,Septiembre,Afganistán,2018
-,9,0,-,995.8,-,29.5,38,-,24,5.6,31.7,16.5,10,1010,Asia,18, KANDAHAR AIRPORT,,31.5,65.85,Junio,Afganistán,2018
-,7,0,-,992.7,-,36,43.5,-,26.4,6.9,33.5,18.3,10,1010,Asia,22, KANDAHAR AIRPORT,,31.5,65.85,Julio,Afganistán,2018
-,8,0,-,996.7,-,33.1,41,-,24,4.8,29.4,11.1,9.8,1010,Asia,20, KANDAHAR AIRPORT,,31.5,65.85,Agosto,Afganistán,2018
-,13,0,-,996.8,-,31.9,39,-,25,9.8,29.4,20.6,4.2,1010,Asia,21, KANDAHAR AIRPORT,,31.5,65.85,Agosto,Afganistán,2018
-,16,0,-,1010.8,-,23.2,29,-,16,9.4,37,22.2,10,1010,Asia,21, KANDAHAR AIRPORT,,31.5,65.85,Mayo,Afganistán,2018
-,44,0,-,1020.8,-,6.6,13.9,-,-0.2,5.7,-,20.6,9.8,1010,Asia,26, KANDAHAR AIRPORT,,31.5,65.85,Diciembre,Afganistán,2018
-,18,0,-,1015.4,o,18.7,27,-,8.1,3.3,24.1,14.8,10,1010,Asia,22, KANDAHAR AIRPORT,,31.5,65.85,Octubre,Afganistán,2018
-,19,0,-,1013.4,-,19.9,28,-,12,3.5,24.1,11.1,10.8,1010,Asia,23, KANDAHAR AIRPORT,,31.5,65.85,Octubre,Afganistán,2018
-,-,-,-,-,-,-,-,-,-,-,-,-,-,1010,Asia,22, KANDAHAR AIRPORT,,31.5,65.85,Noviembre,Afganistán,2018
-,12,0,-,1010.5,-,24.5,31,-,16,5,18.3,13,10,1010,Asia,23, KANDAHAR AIRPORT,,31.5,65.85,Septiembre,Afganistán,2018
-,16,0,-,1007.8,-,17.8,21,-,15,5.6,-,7.6,10,1010,Asia,24, KANDAHAR AIRPORT,,31.5,65.85,Septiembre,Afganistán,2018
-,8,0,-,997.5,-,31.6,39,-,21,6.1,27.8,16.5,10,1010,Asia,19, KANDAHAR AIRPORT,,31.5,65.85,Junio,Afganistán,2018
-,8,0,-,993,-,35.7,42.9,-,29,6.5,22.2,14.8,9.8,1010,Asia,23, KANDAHAR AIRPORT,,31.5,65.85,Julio,Afganistán,2018
-,-,-,-,-,-,-,-,-,-,-,-,-,-,1010,Asia,22, KANDAHAR AIRPORT,,31.5,65.85,Agosto,Afganistán,2018
-,13,0,-,1010.7,-,24.1,31,-,16,6.9,25.9,18.3,10,1010,Asia,22, KANDAHAR AIRPORT,,31.5,65.85,Mayo,Afganistán,2018
-,36,0,-,1022.4,-,5.7,13.9,-,-2.3,1.3,-,9.4,9.8,1010,Asia,27, KANDAHAR AIRPORT,,31.5,65.85,Diciembre,Afganistán,2018
-,-,-,-,-,-,-,-,-,-,-,-,-,-,1010,Asia,28, KANDAHAR AIRPORT,,31.5,65.85,Diciembre,Afganistán,2018
-,22,-,-,1012.8,o,20.1,28,-,10.1,5,24.1,13,10,1010,Asia,24, KANDAHAR AIRPORT,,31.5,65.85,Octubre,Afganistán,2018
-,56,0,-,1022.5,-,13.6,20,-,8.7,12.2,-,22.2,10,1010,Asia,23, KANDAHAR AIRPORT,,31.5,65.85,Noviembre,Afganistán,2018
-,11,0,-,1008,-,24.8,33,-,15,5.2,25.9,14.8,10,1010,Asia,25, KANDAHAR AIRPORT,,31.5,65.85,Septiembre,Afganistán,2018
-,8,0,-,999.5,-,33.1,40,-,25,9.3,31.7,22.2,10,1010,Asia,20, KANDAHAR AIRPORT,,31.5,65.85,Junio,Afganistán,2018
-,8,-,o,998.5,o,32.7,40,-,25,13.7,53.5,35.2,10,1010,Asia,21, KANDAHAR AIRPORT,,31.5,65.85,Junio,Afganistán,2018
-,11,0,-,993.7,-,36.5,43.6,-,26.3,6.7,29.4,16.5,9.5,1010,Asia,24, KANDAHAR AIRPORT,,31.5,65.85,Julio,Afganistán,2018
-,11,0,-,993.2,-,36,43.6,-,28.7,10.2,42.4,29.4,6.9,1010,Asia,25, KANDAHAR AIRPORT,,31.5,65.85,Julio,Afganistán,2018
-,-,-,-,-,-,-,-,-,-,-,-,-,-,1010,Asia,23, KANDAHAR AIRPORT,,31.5,65.85,Agosto,Afganistán,2018
-,11,0,-,1007.6,-,26.3,32,-,18,5.7,31.7,14.8,10,1010,Asia,23, KANDAHAR AIRPORT,,31.5,65.85,Mayo,Afganistán,2018
-,-,-,-,-,-,-,-,-,-,-,-,-,-,1010,Asia,29, KANDAHAR AIRPORT,,31.5,65.85,Diciembre,Afganistán,2018
-,-,-,-,-,-,-,-,-,-,-,-,-,-,1010,Asia,30, KANDAHAR AIRPORT,,31.5,65.85,Diciembre,Afganistán,2018
-,22,0,-,1014.7,-,19.9,28,-,11,5,29.4,18.3,10,1010,Asia,25, KANDAHAR AIRPORT,,31.5,65.85,Octubre,Afganistán,2018
-,47,0,-,1021.4,-,14.8,23.3,-,8.5,6.3,-,18.3,10,1010,Asia,24, KANDAHAR AIRPORT,,31.5,65.85,Noviembre,Afganistán,2018
-,14,0,-,1007.7,-,26.2,34,-,17,9.8,33.5,24.1,10,1010,Asia,26, KANDAHAR AIRPORT,,31.5,65.85,Septiembre,Afganistán,2018
-,16,0,-,1008.9,-,24.9,32,-,16.5,6.1,27.8,20.6,10,1010,Asia,27, KANDAHAR AIRPORT,,31.5,65.85,Septiembre,Afganistán,2018
-,9,0,-,997.9,-,31.3,38,-,24,8.9,29.4,20.6,8.9,1010,Asia,22, KANDAHAR AIRPORT,,31.5,65.85,Junio,Afganistán,2018
-,7,0,-,998,-,31.2,39,-,22,7.6,33.5,24.1,9.8,1010,Asia,23, KANDAHAR AIRPORT,,31.5,65.85,Junio,Afganistán,2018
-,9,0,-,993.3,-,34.6,41,-,28,7.6,22.2,18.3,4.7,1010,Asia,26, KANDAHAR AIRPORT,,31.5,65.85,Julio,Afganistán,2018
-,10,0,-,993.6,-,34.2,40,-,28,12.6,35.2,24.1,4.5,1010,Asia,27, KANDAHAR AIRPORT,,31.5,65.85,Julio,Afganistán,2018
-,-,-,-,-,-,-,-,-,-,-,-,-,-,1010,Asia,24, KANDAHAR AIRPORT,,31.5,65.85,Agosto,Afganistán,2018
-,10,0,-,997.7,-,28.9,36,-,22,7.4,35.2,18.3,3.1,1010,Asia,25, KANDAHAR AIRPORT,,31.5,65.85,Agosto,Afganistán,2018
-,10,0,-,1005,-,27.6,34,-,18,8.9,-,25.9,10,1010,Asia,24, KANDAHAR AIRPORT,,31.5,65.85,Mayo,Afganistán,2018
-,10,0,-,1006,-,27.3,34,-,20,13.9,51.9,35.2,7.4,1010,Asia,25, KANDAHAR AIRPORT,,31.5,65.85,Mayo,Afganistán,2018
-,21,0,o,1019.5,-,13.1,20.7,-,3.4,3.9,-,11.1,10,1010,Asia,31, KANDAHAR AIRPORT,,31.5,65.85,Diciembre,Afganistán,2018
-,19,-,-,1016.3,o,21.1,29,-,11.9,4.6,18.3,14.8,9.7,1010,Asia,26, KANDAHAR AIRPORT,,31.5,65.85,Octubre,Afganistán,2018
-,19,0,-,1016.8,-,22.1,30,-,13,3.9,27.8,11.1,10,1010,Asia,27, KANDAHAR AIRPORT,,31.5,65.85,Octubre,Afganistán,2018
-,45,0,-,1019.1,-,14.8,23.1,-,7.8,4.8,25.9,16.5,10,1010,Asia,25, KANDAHAR AIRPORT,,31.5,65.85,Noviembre,Afganistán,2018
-,27,0,-,1013.8,-,18.2,24.5,-,9.3,2.6,-,14.8,9.2,1010,Asia,26, KANDAHAR AIRPORT,,31.5,65.85,Noviembre,Afganistán,2018
-,15,0,-,1011.3,-,23.1,31,-,15,6.3,25.9,16.5,10,1010,Asia,28, KANDAHAR AIRPORT,,31.5,65.85,Septiembre,Afganistán,2018
-,7,0,-,997.7,-,33.2,39,-,24,12.2,40.7,29.4,10,1010,Asia,24, KANDAHAR AIRPORT,,31.5,65.85,Junio,Afganistán,2018
-,8,0,-,994.8,-,31.2,38.2,-,25.4,7.6,35.2,18.3,5.5,1010,Asia,28, KANDAHAR AIRPORT,,31.5,65.85,Julio,Afganistán,2018
-,9,0,-,997,-,28.8,36,-,20.4,7.4,25.9,18.3,4.2,1010,Asia,26, KANDAHAR AIRPORT,,31.5,65.85,Agosto,Afganistán,2018
-,10,0,-,1005.5,-,27,34,-,20,8.5,31.7,24.1,10,1010,Asia,26, KANDAHAR AIRPORT,,31.5,65.85,Mayo,Afganistán,2018
-,22,0,-,1016.4,-,21.4,30,-,13,3.1,-,13,10,1010,Asia,28, KANDAHAR AIRPORT,,31.5,65.85,Octubre,Afganistán,2018
-,41,0,-,1015.1,-,17.1,24.4,-,11.6,0.4,-,5.4,7.7,1010,Asia,27, KANDAHAR AIRPORT,,31.5,65.85,Noviembre,Afganistán,2018
-,13,-,o,1012.3,o,23.3,31,-,14.4,4.8,27.8,16.5,9.7,1010,Asia,29, KANDAHAR AIRPORT,,31.5,65.85,Septiembre,Afganistán,2018
-,13,0,-,1011.9,-,22.6,30.7,-,14,7.8,31.7,20.6,9.8,1010,Asia,30, KANDAHAR AIRPORT,,31.5,65.85,Septiembre,Afganistán,2018
-,8,-,-,994.7,o,32.4,39,-,25,11.1,42.4,33.5,8.9,1010,Asia,25, KANDAHAR AIRPORT,,31.5,65.85,Junio,Afganistán,2018
-,9,0,-,995.4,-,30.7,37,-,22.1,6.7,27.8,20.6,6,1010,Asia,29, KANDAHAR AIRPORT,,31.5,65.85,Julio,Afganistán,2018
-,12,0,-,1001,-,28.7,35,-,21.5,4.8,22.2,13,3.7,1010,Asia,27, KANDAHAR AIRPORT,,31.5,65.85,Agosto,Afganistán,2018
-,8,0,-,1004.6,-,29.2,37,-,19,6.5,27.8,16.5,10,1010,Asia,27, KANDAHAR AIRPORT,,31.5,65.85,Mayo,Afganistán,2018
-,28,0,-,1017.1,-,19.6,27,-,12.3,7,38.9,25.9,6.4,1010,Asia,29, KANDAHAR AIRPORT,,31.5,65.85,Octubre,Afganistán,2018
-,41,0,-,1020.5,-,14.2,20.5,-,8.9,4.1,31.7,16.5,10,1010,Asia,28, KANDAHAR AIRPORT,,31.5,65.85,Noviembre,Afganistán,2018
-,7,-,o,994.3,o,31.7,39,-,21.1,7.6,29.4,16.5,8.2,1010,Asia,26, KANDAHAR AIRPORT,,31.5,65.85,Junio,Afganistán,2018
-,9,0,-,996.2,-,30.6,37,-,21.9,6.1,25.9,16.5,9.2,1010,Asia,30, KANDAHAR AIRPORT,,31.5,65.85,Julio,Afganistán,2018
-,-,-,-,-,-,-,-,-,-,-,-,-,-,1010,Asia,28, KANDAHAR AIRPORT,,31.5,65.85,Agosto,Afganistán,2018
-,10,0,-,1002.6,-,31.3,37,-,21,13.3,42.4,25.9,8.7,1010,Asia,28, KANDAHAR AIRPORT,,31.5,65.85,Mayo,Afganistán,2018
-,12,0,-,1001.6,-,27.8,34,-,21,11.7,35.2,20.6,7.2,1010,Asia,29, KANDAHAR AIRPORT,,31.5,65.85,Mayo,Afganistán,2018
o,35,0,-,1017,-,18,25,-,12,2.6,22.2,11.1,7.4,1010,Asia,30, KANDAHAR AIRPORT,,31.5,65.85,Octubre,Afganistán,2018
-,39,0,-,1023.7,-,13.2,20.6,-,6.5,3.9,24.1,13,10,1010,Asia,29, KANDAHAR AIRPORT,,31.5,65.85,Noviembre,Afganistán,2018
-,9,0,-,995,-,32.5,39,-,24,7,24.1,16.5,7.1,1010,Asia,27, KANDAHAR AIRPORT,,31.5,65.85,Junio,Afganistán,2018
-,9,0,-,995.8,-,31,38,-,21.2,7.4,31.7,22.2,10,1010,Asia,31, KANDAHAR AIRPORT,,31.5,65.85,Julio,Afganistán,2018
-,-,-,-,-,-,-,-,-,-,-,-,-,-,1010,Asia,29, KANDAHAR AIRPORT,,31.5,65.85,Agosto,Afganistán,2018
-,8,0,-,1003.5,-,29.3,37,-,21,7.6,31.7,18.3,9.8,1010,Asia,30, KANDAHAR AIRPORT,,31.5,65.85,Mayo,Afganistán,2018
o,49,0,o,1018.6,o,17.7,24,-,10.8,9.4,-,20.6,8.7,1010,Asia,31, KANDAHAR AIRPORT,,31.5,65.85,Octubre,Afganistán,2018
-,36,0,-,1024.2,-,12.2,19.7,-,5.3,2.8,-,7.6,10,1010,Asia,30, KANDAHAR AIRPORT,,31.5,65.85,Noviembre,Afganistán,2018
-,12,0,-,994.7,-,32.7,38.2,-,26,6.5,25.9,18.3,8.5,1010,Asia,28, KANDAHAR AIRPORT,,31.5,65.85,Junio,Afganistán,2018
-,-,-,-,-,-,-,-,-,-,-,-,-,-,1010,Asia,30, KANDAHAR AIRPORT,,31.5,65.85,Agosto,Afganistán,2018
-,9,0,-,1003.2,-,30.7,38,-,21,10,33.5,22.2,9.8,1010,Asia,31, KANDAHAR AIRPORT,,31.5,65.85,Mayo,Afganistán,2018
-,11,0,-,995.7,-,32.9,39,-,26,8.7,24.1,20.6,9.2,1010,Asia,29, KANDAHAR AIRPORT,,31.5,65.85,Junio,Afganistán,2018
-,11,0,-,1001.3,-,27.7,34,-,22,7.6,27.8,20.6,3.2,1010,Asia,31, KANDAHAR AIRPORT,,31.5,65.85,Agosto,Afganistán,2018
-,11,0,-,998,-,33.9,41,-,26,6.9,24.1,16.5,10,1010,Asia,30, KANDAHAR AIRPORT,,31.5,65.85,Junio,Afganistán,2018
